step,suite,engine,workload,phase,baseline_median_us,candidate_median_us,median_paired_speedup,min_paired_speedup,max_paired_speedup,faster_pairs,pair_count,candidate_ack_sha256,baseline_ack_sha256,artifact
00-control,scaling,ack,nested-1-invalid-first,validate,1.6422379913330079,1.6032320709228516,1.0243530278697555,0.9134439646109305,1.0935327119457854,3,4,371506aab474a021b763ef5589b20379a5ef56b03c4dcaf322cec220eb06a2d5,371506aab474a021b763ef5589b20379a5ef56b03c4dcaf322cec220eb06a2d5,.context/safeparse-optimization/00-control/results.json
00-control,scaling,ack,nested-1-invalid-last,validate,1.601506561279297,1.6603431549072265,1.0138392693418536,0.9456578516984147,1.078319626391083,2,4,371506aab474a021b763ef5589b20379a5ef56b03c4dcaf322cec220eb06a2d5,371506aab474a021b763ef5589b20379a5ef56b03c4dcaf322cec220eb06a2d5,.context/safeparse-optimization/00-control/results.json
00-control,scaling,ack,nested-1-invalid-many,validate,1.623058334350586,1.6110884246826171,1.022584752379044,0.9773420089519685,1.0656184344149249,2,4,371506aab474a021b763ef5589b20379a5ef56b03c4dcaf322cec220eb06a2d5,371506aab474a021b763ef5589b20379a5ef56b03c4dcaf322cec220eb06a2d5,.context/safeparse-optimization/00-control/results.json
00-control,scaling,ack,nested-1-valid,validate,1.4561888427734375,1.3735631256103515,1.0652487293293895,0.9971044788814988,1.1239454645544753,3,4,371506aab474a021b763ef5589b20379a5ef56b03c4dcaf322cec220eb06a2d5,371506aab474a021b763ef5589b20379a5ef56b03c4dcaf322cec220eb06a2d5,.context/safeparse-optimization/00-control/results.json
00-control,scaling,ack,nested-1-valid/decode+validate,decode+validate,2.0446853637695312,1.9936231384277343,1.0060307768855612,0.9810354685690853,1.1152543546517126,3,4,371506aab474a021b763ef5589b20379a5ef56b03c4dcaf322cec220eb06a2d5,371506aab474a021b763ef5589b20379a5ef56b03c4dcaf322cec220eb06a2d5,.context/safeparse-optimization/00-control/results.json
00-control,scaling,ack,nested-100-invalid-first,validate,90.63720703125,73.4791669921875,1.287612854541985,1.0841533083546444,1.3511232178994423,4,4,371506aab474a021b763ef5589b20379a5ef56b03c4dcaf322cec220eb06a2d5,371506aab474a021b763ef5589b20379a5ef56b03c4dcaf322cec220eb06a2d5,.context/safeparse-optimization/00-control/results.json
00-control,scaling,ack,nested-100-invalid-last,validate,76.0447587890625,73.879435546875,1.0186096537854263,0.9943121222893708,1.0504615159872561,3,4,371506aab474a021b763ef5589b20379a5ef56b03c4dcaf322cec220eb06a2d5,371506aab474a021b763ef5589b20379a5ef56b03c4dcaf322cec220eb06a2d5,.context/safeparse-optimization/00-control/results.json
00-control,scaling,ack,nested-100-invalid-many,validate,106.9329833984375,101.5496005859375,1.0762432145355771,0.614300185455731,1.164539146212883,3,4,371506aab474a021b763ef5589b20379a5ef56b03c4dcaf322cec220eb06a2d5,371506aab474a021b763ef5589b20379a5ef56b03c4dcaf322cec220eb06a2d5,.context/safeparse-optimization/00-control/results.json
00-control,scaling,ack,nested-100-valid,validate,76.3581142578125,73.54268359375,1.0430586346259327,0.8978706826991982,1.1114068047006722,2,4,371506aab474a021b763ef5589b20379a5ef56b03c4dcaf322cec220eb06a2d5,371506aab474a021b763ef5589b20379a5ef56b03c4dcaf322cec220eb06a2d5,.context/safeparse-optimization/00-control/results.json
00-control,scaling,ack,nested-100-valid/decode+validate,decode+validate,109.01143359375,113.8829765625,0.983390280589977,0.8752564276751181,1.306830762343438,2,4,371506aab474a021b763ef5589b20379a5ef56b03c4dcaf322cec220eb06a2d5,371506aab474a021b763ef5589b20379a5ef56b03c4dcaf322cec220eb06a2d5,.context/safeparse-optimization/00-control/results.json
00-control,scaling,ack,nested-10000-invalid-first,validate,8474.65625,7926.489625,1.0425255474707993,0.9365377175354195,1.1492663380934327,3,4,371506aab474a021b763ef5589b20379a5ef56b03c4dcaf322cec220eb06a2d5,371506aab474a021b763ef5589b20379a5ef56b03c4dcaf322cec220eb06a2d5,.context/safeparse-optimization/00-control/results.json
00-control,scaling,ack,nested-10000-invalid-last,validate,8615.24475,8138.557375,0.9656927848806578,0.6244345154078208,1.3573462724469436,2,4,371506aab474a021b763ef5589b20379a5ef56b03c4dcaf322cec220eb06a2d5,371506aab474a021b763ef5589b20379a5ef56b03c4dcaf322cec220eb06a2d5,.context/safeparse-optimization/00-control/results.json
00-control,scaling,ack,nested-10000-invalid-many,validate,24081.541625,24681.02075,1.0192769288885648,0.8989044363416852,1.0799742032707014,2,4,371506aab474a021b763ef5589b20379a5ef56b03c4dcaf322cec220eb06a2d5,371506aab474a021b763ef5589b20379a5ef56b03c4dcaf322cec220eb06a2d5,.context/safeparse-optimization/00-control/results.json
00-control,scaling,ack,nested-10000-valid,validate,9237.802125,9116.83325,0.9935611284570072,0.9606508868776714,1.1281639253361804,2,4,371506aab474a021b763ef5589b20379a5ef56b03c4dcaf322cec220eb06a2d5,371506aab474a021b763ef5589b20379a5ef56b03c4dcaf322cec220eb06a2d5,.context/safeparse-optimization/00-control/results.json
00-control,scaling,ack,nested-10000-valid/decode+validate,decode+validate,13844.67725,13965.198,1.0141989836479919,0.8216987572346507,1.0955971203930697,3,4,371506aab474a021b763ef5589b20379a5ef56b03c4dcaf322cec220eb06a2d5,371506aab474a021b763ef5589b20379a5ef56b03c4dcaf322cec220eb06a2d5,.context/safeparse-optimization/00-control/results.json
01-confirmation,common,ack,flat-valid,validate,1.52754052734375,1.440082229614258,1.0471294057933476,0.9031635599227413,1.16502192332263,6,8,0119a433d92367d8e4a293aa73121932a040f1a3a25151348136e2e3a6b2ca07,371506aab474a021b763ef5589b20379a5ef56b03c4dcaf322cec220eb06a2d5,.context/safeparse-optimization/01-confirmation/common/results.json
01-confirmation,common,ack,flat-valid/construct+validate,construct+validate,4.396596252441406,4.354832946777344,1.0152921524727492,0.942110893769489,1.1629986140955744,4,8,0119a433d92367d8e4a293aa73121932a040f1a3a25151348136e2e3a6b2ca07,371506aab474a021b763ef5589b20379a5ef56b03c4dcaf322cec220eb06a2d5,.context/safeparse-optimization/01-confirmation/common/results.json
01-confirmation,common,ack,nested-500-valid,validate,370.1355,348.2705078125,1.049733356627091,0.8638388138579247,1.1258824755730175,6,8,0119a433d92367d8e4a293aa73121932a040f1a3a25151348136e2e3a6b2ca07,371506aab474a021b763ef5589b20379a5ef56b03c4dcaf322cec220eb06a2d5,.context/safeparse-optimization/01-confirmation/common/results.json
01-confirmation,common,ack,string-invalid-constraint,validate,0.5607290229797364,0.5409113578796386,1.0102575949553123,0.804943435096716,1.1529365613396336,5,8,0119a433d92367d8e4a293aa73121932a040f1a3a25151348136e2e3a6b2ca07,371506aab474a021b763ef5589b20379a5ef56b03c4dcaf322cec220eb06a2d5,.context/safeparse-optimization/01-confirmation/common/results.json
01-confirmation,common,ack,string-valid,validate,0.3196852207183838,0.3352145347595215,1.000292727851795,0.776386901620435,1.0704406427568536,4,8,0119a433d92367d8e4a293aa73121932a040f1a3a25151348136e2e3a6b2ca07,371506aab474a021b763ef5589b20379a5ef56b03c4dcaf322cec220eb06a2d5,.context/safeparse-optimization/01-confirmation/common/results.json
01-confirmation,scaling,ack,nested-1000-valid,validate,755.81901171875,747.25341796875,1.032205252425832,0.9157365764376462,1.2743563266295428,5,8,0119a433d92367d8e4a293aa73121932a040f1a3a25151348136e2e3a6b2ca07,371506aab474a021b763ef5589b20379a5ef56b03c4dcaf322cec220eb06a2d5,.context/safeparse-optimization/01-confirmation/scaling/results.json
01-confirmation,scaling,ack,nested-10000-invalid-many,validate,24825.60425,23527.7865,1.0555894889211657,0.8409317582977138,1.1508193291949422,5,8,0119a433d92367d8e4a293aa73121932a040f1a3a25151348136e2e3a6b2ca07,371506aab474a021b763ef5589b20379a5ef56b03c4dcaf322cec220eb06a2d5,.context/safeparse-optimization/01-confirmation/scaling/results.json
01-confirmation,scaling,ack,nested-10000-valid,validate,9090.3255,8787.9974375,1.0534531407138013,0.6452580187340335,1.2675720986305499,6,8,0119a433d92367d8e4a293aa73121932a040f1a3a25151348136e2e3a6b2ca07,371506aab474a021b763ef5589b20379a5ef56b03c4dcaf322cec220eb06a2d5,.context/safeparse-optimization/01-confirmation/scaling/results.json
01-confirmation,scaling,ack,nested-10000-valid/decode+validate,decode+validate,15177.55725,13506.737,1.0932687083887362,0.851300891031063,1.2820739216756531,6,8,0119a433d92367d8e4a293aa73121932a040f1a3a25151348136e2e3a6b2ca07,371506aab474a021b763ef5589b20379a5ef56b03c4dcaf322cec220eb06a2d5,.context/safeparse-optimization/01-confirmation/scaling/results.json
01-lazy-constraints,common,ack,flat-invalid-first,validate,1.7487595825195312,1.611692413330078,1.0537156511224557,0.8558885879552149,1.2789046246494433,2,4,0119a433d92367d8e4a293aa73121932a040f1a3a25151348136e2e3a6b2ca07,371506aab474a021b763ef5589b20379a5ef56b03c4dcaf322cec220eb06a2d5,.context/safeparse-optimization/01-lazy-constraints/common/results.json
01-lazy-constraints,common,ack,flat-invalid-last,validate,1.518712371826172,1.4296614379882813,1.0716106533022032,0.8999721947810683,1.2182635252306224,2,4,0119a433d92367d8e4a293aa73121932a040f1a3a25151348136e2e3a6b2ca07,371506aab474a021b763ef5589b20379a5ef56b03c4dcaf322cec220eb06a2d5,.context/safeparse-optimization/01-lazy-constraints/common/results.json
01-lazy-constraints,common,ack,flat-invalid-many,validate,2.146994888305664,1.9317194519042968,1.0598603037681222,0.7520384438116943,1.3825275277617808,2,4,0119a433d92367d8e4a293aa73121932a040f1a3a25151348136e2e3a6b2ca07,371506aab474a021b763ef5589b20379a5ef56b03c4dcaf322cec220eb06a2d5,.context/safeparse-optimization/01-lazy-constraints/common/results.json
01-lazy-constraints,common,ack,flat-missing,validate,2.7198798065185548,2.145847961425781,1.0845868039320876,1.0106824344945626,1.5381332987458431,4,4,0119a433d92367d8e4a293aa73121932a040f1a3a25151348136e2e3a6b2ca07,371506aab474a021b763ef5589b20379a5ef56b03c4dcaf322cec220eb06a2d5,.context/safeparse-optimization/01-lazy-constraints/common/results.json
01-lazy-constraints,common,ack,flat-mixed,validate,1.5255355834960938,1.5950927734375,0.9646688043114025,0.6292162214605335,1.2750138681722365,2,4,0119a433d92367d8e4a293aa73121932a040f1a3a25151348136e2e3a6b2ca07,371506aab474a021b763ef5589b20379a5ef56b03c4dcaf322cec220eb06a2d5,.context/safeparse-optimization/01-lazy-constraints/common/results.json
01-lazy-constraints,common,ack,flat-null,validate,1.6188761444091797,1.5188560485839844,1.0353619259168017,0.574914270295476,1.2333967593813784,3,4,0119a433d92367d8e4a293aa73121932a040f1a3a25151348136e2e3a6b2ca07,371506aab474a021b763ef5589b20379a5ef56b03c4dcaf322cec220eb06a2d5,.context/safeparse-optimization/01-lazy-constraints/common/results.json
01-lazy-constraints,common,ack,flat-numeric-string,validate,1.440357192993164,1.344625473022461,1.0786714939896358,1.0325755499504405,1.7812739522039878,4,4,0119a433d92367d8e4a293aa73121932a040f1a3a25151348136e2e3a6b2ca07,371506aab474a021b763ef5589b20379a5ef56b03c4dcaf322cec220eb06a2d5,.context/safeparse-optimization/01-lazy-constraints/common/results.json
01-lazy-constraints,common,ack,flat-unknown-key,validate,1.7293726654052735,1.6776396484375,1.0529804094229425,0.9921176126298011,1.1507999784084983,3,4,0119a433d92367d8e4a293aa73121932a040f1a3a25151348136e2e3a6b2ca07,371506aab474a021b763ef5589b20379a5ef56b03c4dcaf322cec220eb06a2d5,.context/safeparse-optimization/01-lazy-constraints/common/results.json
01-lazy-constraints,common,ack,flat-valid,validate,1.4057712707519532,1.4825897216796875,1.0012035525047533,0.7073632978915264,1.3563674688983103,2,4,0119a433d92367d8e4a293aa73121932a040f1a3a25151348136e2e3a6b2ca07,371506aab474a021b763ef5589b20379a5ef56b03c4dcaf322cec220eb06a2d5,.context/safeparse-optimization/01-lazy-constraints/common/results.json
01-lazy-constraints,common,ack,flat-valid/construct+validate,construct+validate,4.517370849609375,5.158888488769532,0.925555908272652,0.7505153673163418,1.0402919469887981,2,4,0119a433d92367d8e4a293aa73121932a040f1a3a25151348136e2e3a6b2ca07,371506aab474a021b763ef5589b20379a5ef56b03c4dcaf322cec220eb06a2d5,.context/safeparse-optimization/01-lazy-constraints/common/results.json
01-lazy-constraints,common,ack,flat-valid/decode+validate,decode+validate,1.9369068145751953,2.0431912689208986,0.9580159731929978,0.8209115844455819,1.0642004896542463,1,4,0119a433d92367d8e4a293aa73121932a040f1a3a25151348136e2e3a6b2ca07,371506aab474a021b763ef5589b20379a5ef56b03c4dcaf322cec220eb06a2d5,.context/safeparse-optimization/01-lazy-constraints/common/results.json
01-lazy-constraints,common,ack,nested-1-valid,validate,1.4985485229492188,1.5914090576171875,0.9894791862805647,0.8227905197332376,1.1361946550012314,2,4,0119a433d92367d8e4a293aa73121932a040f1a3a25151348136e2e3a6b2ca07,371506aab474a021b763ef5589b20379a5ef56b03c4dcaf322cec220eb06a2d5,.context/safeparse-optimization/01-lazy-constraints/common/results.json
01-lazy-constraints,common,ack,nested-50-invalid-first,validate,36.03387451171875,35.46309399414063,1.03170455679459,0.9571817266832511,1.154792066873529,3,4,0119a433d92367d8e4a293aa73121932a040f1a3a25151348136e2e3a6b2ca07,371506aab474a021b763ef5589b20379a5ef56b03c4dcaf322cec220eb06a2d5,.context/safeparse-optimization/01-lazy-constraints/common/results.json
01-lazy-constraints,common,ack,nested-50-invalid-last,validate,37.61777734375,34.278513916015626,1.071898249780848,1.0183930936885943,1.1243350737626243,4,4,0119a433d92367d8e4a293aa73121932a040f1a3a25151348136e2e3a6b2ca07,371506aab474a021b763ef5589b20379a5ef56b03c4dcaf322cec220eb06a2d5,.context/safeparse-optimization/01-lazy-constraints/common/results.json
01-lazy-constraints,common,ack,nested-50-invalid-many,validate,53.31310986328125,48.85227490234375,1.042148924120265,0.9814532476092174,1.1850288244938365,3,4,0119a433d92367d8e4a293aa73121932a040f1a3a25151348136e2e3a6b2ca07,371506aab474a021b763ef5589b20379a5ef56b03c4dcaf322cec220eb06a2d5,.context/safeparse-optimization/01-lazy-constraints/common/results.json
01-lazy-constraints,common,ack,nested-50-valid,validate,36.765970703125,35.76873779296875,1.0417577815872379,0.8431982212631776,1.1396831151742939,3,4,0119a433d92367d8e4a293aa73121932a040f1a3a25151348136e2e3a6b2ca07,371506aab474a021b763ef5589b20379a5ef56b03c4dcaf322cec220eb06a2d5,.context/safeparse-optimization/01-lazy-constraints/common/results.json
01-lazy-constraints,common,ack,nested-50-valid/construct+validate,construct+validate,41.34499072265625,38.867828369140625,1.0635317108518405,0.880584506100008,1.100413292842825,3,4,0119a433d92367d8e4a293aa73121932a040f1a3a25151348136e2e3a6b2ca07,371506aab474a021b763ef5589b20379a5ef56b03c4dcaf322cec220eb06a2d5,.context/safeparse-optimization/01-lazy-constraints/common/results.json
01-lazy-constraints,common,ack,nested-50-valid/decode+validate,decode+validate,51.0698037109375,52.505919921875,0.988341755126519,0.8485386733940488,1.2265421334872944,2,4,0119a433d92367d8e4a293aa73121932a040f1a3a25151348136e2e3a6b2ca07,371506aab474a021b763ef5589b20379a5ef56b03c4dcaf322cec220eb06a2d5,.context/safeparse-optimization/01-lazy-constraints/common/results.json
01-lazy-constraints,common,ack,nested-500-valid,validate,433.52132421875,329.92594140625,1.2899566467201036,1.0934877920285044,1.4457604998007456,4,4,0119a433d92367d8e4a293aa73121932a040f1a3a25151348136e2e3a6b2ca07,371506aab474a021b763ef5589b20379a5ef56b03c4dcaf322cec220eb06a2d5,.context/safeparse-optimization/01-lazy-constraints/common/results.json
01-lazy-constraints,common,ack,string-invalid-constraint,validate,0.5602755508422852,0.6611026153564453,0.8477596381384518,0.47608479867157744,1.1451019557789257,1,4,0119a433d92367d8e4a293aa73121932a040f1a3a25151348136e2e3a6b2ca07,371506aab474a021b763ef5589b20379a5ef56b03c4dcaf322cec220eb06a2d5,.context/safeparse-optimization/01-lazy-constraints/common/results.json
01-lazy-constraints,common,ack,string-invalid-type,validate,0.15485509300231934,0.15064807796478272,1.011669622884161,0.8770430609642864,1.1648575244285897,2,4,0119a433d92367d8e4a293aa73121932a040f1a3a25151348136e2e3a6b2ca07,371506aab474a021b763ef5589b20379a5ef56b03c4dcaf322cec220eb06a2d5,.context/safeparse-optimization/01-lazy-constraints/common/results.json
01-lazy-constraints,common,ack,string-valid,validate,0.31135670471191407,0.33231472778320315,0.9546476964576083,0.8711618047212655,1.264598624581528,1,4,0119a433d92367d8e4a293aa73121932a040f1a3a25151348136e2e3a6b2ca07,371506aab474a021b763ef5589b20379a5ef56b03c4dcaf322cec220eb06a2d5,.context/safeparse-optimization/01-lazy-constraints/common/results.json
01-lazy-constraints,common,ack,string-valid/construct+validate,construct+validate,1.0293582382202149,1.0186150894165038,1.01048489081505,0.928693900214339,1.182243227891933,3,4,0119a433d92367d8e4a293aa73121932a040f1a3a25151348136e2e3a6b2ca07,371506aab474a021b763ef5589b20379a5ef56b03c4dcaf322cec220eb06a2d5,.context/safeparse-optimization/01-lazy-constraints/common/results.json
01-lazy-constraints,scaling,ack,nested-1-invalid-first,validate,1.5976524505615235,1.6274515838623047,0.9719205982000971,0.8806634215468584,1.10300956092808,1,4,0119a433d92367d8e4a293aa73121932a040f1a3a25151348136e2e3a6b2ca07,371506aab474a021b763ef5589b20379a5ef56b03c4dcaf322cec220eb06a2d5,.context/safeparse-optimization/01-lazy-constraints/scaling/results.json
01-lazy-constraints,scaling,ack,nested-1-invalid-last,validate,1.666280746459961,1.6144485321044921,1.0466919617474129,0.8953146534995323,1.090367413603702,3,4,0119a433d92367d8e4a293aa73121932a040f1a3a25151348136e2e3a6b2ca07,371506aab474a021b763ef5589b20379a5ef56b03c4dcaf322cec220eb06a2d5,.context/safeparse-optimization/01-lazy-constraints/scaling/results.json
01-lazy-constraints,scaling,ack,nested-1-invalid-many,validate,1.5902430267333985,1.6474507751464844,0.9407801327391752,0.8624767906900508,1.1878134405591052,1,4,0119a433d92367d8e4a293aa73121932a040f1a3a25151348136e2e3a6b2ca07,371506aab474a021b763ef5589b20379a5ef56b03c4dcaf322cec220eb06a2d5,.context/safeparse-optimization/01-lazy-constraints/scaling/results.json
01-lazy-constraints,scaling,ack,nested-1-valid,validate,1.4456412048339844,1.3445549011230469,1.0180861814572473,0.883244946807663,1.4087917137389916,2,4,0119a433d92367d8e4a293aa73121932a040f1a3a25151348136e2e3a6b2ca07,371506aab474a021b763ef5589b20379a5ef56b03c4dcaf322cec220eb06a2d5,.context/safeparse-optimization/01-lazy-constraints/scaling/results.json
01-lazy-constraints,scaling,ack,nested-1-valid/decode+validate,decode+validate,1.9997984619140625,2.103057876586914,0.9619199332257443,0.899579615648593,1.0255877992603613,2,4,0119a433d92367d8e4a293aa73121932a040f1a3a25151348136e2e3a6b2ca07,371506aab474a021b763ef5589b20379a5ef56b03c4dcaf322cec220eb06a2d5,.context/safeparse-optimization/01-lazy-constraints/scaling/results.json
01-lazy-constraints,scaling,ack,nested-10-invalid-first,validate,8.363024353027344,8.374636352539062,0.9939478539706477,0.9601571847078515,1.0257647282329987,2,4,0119a433d92367d8e4a293aa73121932a040f1a3a25151348136e2e3a6b2ca07,371506aab474a021b763ef5589b20379a5ef56b03c4dcaf322cec220eb06a2d5,.context/safeparse-optimization/01-lazy-constraints/scaling/results.json
01-lazy-constraints,scaling,ack,nested-10-invalid-last,validate,8.261645080566407,8.350692749023438,0.9916436207583402,0.8348072635867501,1.1248224444146728,2,4,0119a433d92367d8e4a293aa73121932a040f1a3a25151348136e2e3a6b2ca07,371506aab474a021b763ef5589b20379a5ef56b03c4dcaf322cec220eb06a2d5,.context/safeparse-optimization/01-lazy-constraints/scaling/results.json
01-lazy-constraints,scaling,ack,nested-10-invalid-many,validate,10.381530883789063,10.927734375,0.944547343778456,0.8719374793165257,1.0226024146815766,1,4,0119a433d92367d8e4a293aa73121932a040f1a3a25151348136e2e3a6b2ca07,371506aab474a021b763ef5589b20379a5ef56b03c4dcaf322cec220eb06a2d5,.context/safeparse-optimization/01-lazy-constraints/scaling/results.json
01-lazy-constraints,scaling,ack,nested-10-valid,validate,7.722493469238281,7.754666687011719,0.9958346046302743,0.8632501674265023,2.287401816700724,2,4,0119a433d92367d8e4a293aa73121932a040f1a3a25151348136e2e3a6b2ca07,371506aab474a021b763ef5589b20379a5ef56b03c4dcaf322cec220eb06a2d5,.context/safeparse-optimization/01-lazy-constraints/scaling/results.json
01-lazy-constraints,scaling,ack,nested-10-valid/decode+validate,decode+validate,12.002253295898438,11.3253681640625,1.0784270362129171,0.8627762022924952,1.6667813283819206,3,4,0119a433d92367d8e4a293aa73121932a040f1a3a25151348136e2e3a6b2ca07,371506aab474a021b763ef5589b20379a5ef56b03c4dcaf322cec220eb06a2d5,.context/safeparse-optimization/01-lazy-constraints/scaling/results.json
01-lazy-constraints,scaling,ack,nested-100-invalid-first,validate,82.6277265625,77.68973779296876,1.0746411044485364,0.898364716405587,1.0839920996570922,3,4,0119a433d92367d8e4a293aa73121932a040f1a3a25151348136e2e3a6b2ca07,371506aab474a021b763ef5589b20379a5ef56b03c4dcaf322cec220eb06a2d5,.context/safeparse-optimization/01-lazy-constraints/scaling/results.json
01-lazy-constraints,scaling,ack,nested-100-invalid-last,validate,80.8888349609375,75.25058984375,1.0793377400733835,0.8545460558481174,1.2594824389468666,3,4,0119a433d92367d8e4a293aa73121932a040f1a3a25151348136e2e3a6b2ca07,371506aab474a021b763ef5589b20379a5ef56b03c4dcaf322cec220eb06a2d5,.context/safeparse-optimization/01-lazy-constraints/scaling/results.json
01-lazy-constraints,scaling,ack,nested-100-invalid-many,validate,103.7941484375,103.5804453125,0.9401981882167304,0.9153874415155839,1.2734357830497072,1,4,0119a433d92367d8e4a293aa73121932a040f1a3a25151348136e2e3a6b2ca07,371506aab474a021b763ef5589b20379a5ef56b03c4dcaf322cec220eb06a2d5,.context/safeparse-optimization/01-lazy-constraints/scaling/results.json
01-lazy-constraints,scaling,ack,nested-100-valid,validate,77.8737998046875,80.75836181640625,0.99358175794471,0.8120393277929887,1.0762583128722172,2,4,0119a433d92367d8e4a293aa73121932a040f1a3a25151348136e2e3a6b2ca07,371506aab474a021b763ef5589b20379a5ef56b03c4dcaf322cec220eb06a2d5,.context/safeparse-optimization/01-lazy-constraints/scaling/results.json
01-lazy-constraints,scaling,ack,nested-100-valid/decode+validate,decode+validate,105.6726474609375,104.0387783203125,1.0117938355530578,0.9833834039973292,1.130404512048363,3,4,0119a433d92367d8e4a293aa73121932a040f1a3a25151348136e2e3a6b2ca07,371506aab474a021b763ef5589b20379a5ef56b03c4dcaf322cec220eb06a2d5,.context/safeparse-optimization/01-lazy-constraints/scaling/results.json
01-lazy-constraints,scaling,ack,nested-1000-invalid-first,validate,739.4817734375,769.2776640625,0.9809095884530906,0.8268255090964569,1.15272359828895,2,4,0119a433d92367d8e4a293aa73121932a040f1a3a25151348136e2e3a6b2ca07,371506aab474a021b763ef5589b20379a5ef56b03c4dcaf322cec220eb06a2d5,.context/safeparse-optimization/01-lazy-constraints/scaling/results.json
01-lazy-constraints,scaling,ack,nested-1000-invalid-last,validate,752.7763671875,763.234375,0.9961177580119681,0.8933553860266304,1.148528822730671,2,4,0119a433d92367d8e4a293aa73121932a040f1a3a25151348136e2e3a6b2ca07,371506aab474a021b763ef5589b20379a5ef56b03c4dcaf322cec220eb06a2d5,.context/safeparse-optimization/01-lazy-constraints/scaling/results.json
01-lazy-constraints,scaling,ack,nested-1000-invalid-many,validate,1063.1624375,1094.023765625,0.9725183120609427,0.6676592064628681,1.119630141092297,1,4,0119a433d92367d8e4a293aa73121932a040f1a3a25151348136e2e3a6b2ca07,371506aab474a021b763ef5589b20379a5ef56b03c4dcaf322cec220eb06a2d5,.context/safeparse-optimization/01-lazy-constraints/scaling/results.json
01-lazy-constraints,scaling,ack,nested-1000-valid,validate,710.0729140625,730.7861328125,0.9716542584291814,0.876184667831856,1.0033019774254697,1,4,0119a433d92367d8e4a293aa73121932a040f1a3a25151348136e2e3a6b2ca07,371506aab474a021b763ef5589b20379a5ef56b03c4dcaf322cec220eb06a2d5,.context/safeparse-optimization/01-lazy-constraints/scaling/results.json
01-lazy-constraints,scaling,ack,nested-1000-valid/decode+validate,decode+validate,1146.06771875,1094.7952421875,1.034464225889348,0.886274854895432,1.1950862836615992,2,4,0119a433d92367d8e4a293aa73121932a040f1a3a25151348136e2e3a6b2ca07,371506aab474a021b763ef5589b20379a5ef56b03c4dcaf322cec220eb06a2d5,.context/safeparse-optimization/01-lazy-constraints/scaling/results.json
01-lazy-constraints,scaling,ack,nested-10000-invalid-first,validate,8756.823,8375.64325,1.0403090695107418,0.9468430513149786,1.1813116441850302,3,4,0119a433d92367d8e4a293aa73121932a040f1a3a25151348136e2e3a6b2ca07,371506aab474a021b763ef5589b20379a5ef56b03c4dcaf322cec220eb06a2d5,.context/safeparse-optimization/01-lazy-constraints/scaling/results.json
01-lazy-constraints,scaling,ack,nested-10000-invalid-last,validate,8062.55725,7903.0495,1.0195349644770462,0.9096696123432148,1.1914666574966617,2,4,0119a433d92367d8e4a293aa73121932a040f1a3a25151348136e2e3a6b2ca07,371506aab474a021b763ef5589b20379a5ef56b03c4dcaf322cec220eb06a2d5,.context/safeparse-optimization/01-lazy-constraints/scaling/results.json
01-lazy-constraints,scaling,ack,nested-10000-invalid-many,validate,24243.119875,24706.13025,1.0171928793078964,0.8776002998233741,1.0729950168208842,3,4,0119a433d92367d8e4a293aa73121932a040f1a3a25151348136e2e3a6b2ca07,371506aab474a021b763ef5589b20379a5ef56b03c4dcaf322cec220eb06a2d5,.context/safeparse-optimization/01-lazy-constraints/scaling/results.json
01-lazy-constraints,scaling,ack,nested-10000-valid,validate,10096.4635625,8749.708375,1.1051652960071625,1.0650388115728913,1.255737794613816,4,4,0119a433d92367d8e4a293aa73121932a040f1a3a25151348136e2e3a6b2ca07,371506aab474a021b763ef5589b20379a5ef56b03c4dcaf322cec220eb06a2d5,.context/safeparse-optimization/01-lazy-constraints/scaling/results.json
01-lazy-constraints,scaling,ack,nested-10000-valid/decode+validate,decode+validate,13928.723875,12898.348875,1.0812771715514105,1.052863760819247,1.3573631834544961,4,4,0119a433d92367d8e4a293aa73121932a040f1a3a25151348136e2e3a6b2ca07,371506aab474a021b763ef5589b20379a5ef56b03c4dcaf322cec220eb06a2d5,.context/safeparse-optimization/01-lazy-constraints/scaling/results.json
02-confirmation,common,ack,flat-invalid-many,validate,1.8930663909912109,1.8593737182617187,1.020366412113675,0.9663742019382853,1.1280800985434105,6,8,5426ad3fa10f6873b71b50da9d7e23f3ac90502f643f1e7e0a1594cc14f582ce,0119a433d92367d8e4a293aa73121932a040f1a3a25151348136e2e3a6b2ca07,.context/safeparse-optimization/02-confirmation/common/results.json
02-confirmation,common,ack,flat-numeric-string,validate,1.3423722610473632,1.421079002380371,0.9637100129136177,0.9108778190185843,0.995118107166047,0,8,5426ad3fa10f6873b71b50da9d7e23f3ac90502f643f1e7e0a1594cc14f582ce,0119a433d92367d8e4a293aa73121932a040f1a3a25151348136e2e3a6b2ca07,.context/safeparse-optimization/02-confirmation/common/results.json
02-confirmation,common,ack,flat-unknown-key,validate,1.5765530242919923,1.5393292083740235,1.0253885718078695,0.9857544995022754,1.0909787799154844,7,8,5426ad3fa10f6873b71b50da9d7e23f3ac90502f643f1e7e0a1594cc14f582ce,0119a433d92367d8e4a293aa73121932a040f1a3a25151348136e2e3a6b2ca07,.context/safeparse-optimization/02-confirmation/common/results.json
02-confirmation,common,ack,flat-valid,validate,1.3650480880737306,1.3737001495361327,0.9937141783190956,0.9410228693305706,1.164447388185895,3,8,5426ad3fa10f6873b71b50da9d7e23f3ac90502f643f1e7e0a1594cc14f582ce,0119a433d92367d8e4a293aa73121932a040f1a3a25151348136e2e3a6b2ca07,.context/safeparse-optimization/02-confirmation/common/results.json
02-confirmation,common,ack,flat-valid/construct+validate,construct+validate,4.116759002685547,4.119331359863281,1.0043397529047307,0.8987361264259762,1.041533395381956,6,8,5426ad3fa10f6873b71b50da9d7e23f3ac90502f643f1e7e0a1594cc14f582ce,0119a433d92367d8e4a293aa73121932a040f1a3a25151348136e2e3a6b2ca07,.context/safeparse-optimization/02-confirmation/common/results.json
02-confirmation,common,ack,nested-50-invalid-last,validate,34.047312255859374,32.50633740234375,1.040548896757369,0.858906979661947,1.2179071276299935,7,8,5426ad3fa10f6873b71b50da9d7e23f3ac90502f643f1e7e0a1594cc14f582ce,0119a433d92367d8e4a293aa73121932a040f1a3a25151348136e2e3a6b2ca07,.context/safeparse-optimization/02-confirmation/common/results.json
02-confirmation,common,ack,string-invalid-constraint,validate,0.5367066078186035,0.5364217758178711,0.9858150384256302,0.9158859786989445,1.0998447373480233,3,8,5426ad3fa10f6873b71b50da9d7e23f3ac90502f643f1e7e0a1594cc14f582ce,0119a433d92367d8e4a293aa73121932a040f1a3a25151348136e2e3a6b2ca07,.context/safeparse-optimization/02-confirmation/common/results.json
02-confirmation,scaling,ack,nested-10-valid,validate,8.188514709472656,7.513148010253906,1.1133316765928087,0.6431625269833584,1.2793669513750108,5,8,5426ad3fa10f6873b71b50da9d7e23f3ac90502f643f1e7e0a1594cc14f582ce,0119a433d92367d8e4a293aa73121932a040f1a3a25151348136e2e3a6b2ca07,.context/safeparse-optimization/02-confirmation/scaling/results.json
02-confirmation,scaling,ack,nested-1000-valid,validate,762.16422265625,707.092125,1.078460318696348,0.9775910131752789,1.158957339820006,7,8,5426ad3fa10f6873b71b50da9d7e23f3ac90502f643f1e7e0a1594cc14f582ce,0119a433d92367d8e4a293aa73121932a040f1a3a25151348136e2e3a6b2ca07,.context/safeparse-optimization/02-confirmation/scaling/results.json
02-confirmation,scaling,ack,nested-10000-invalid-many,validate,24027.322875,23104.671875,0.9972093166732765,0.9232391283665905,1.2252199695280794,4,8,5426ad3fa10f6873b71b50da9d7e23f3ac90502f643f1e7e0a1594cc14f582ce,0119a433d92367d8e4a293aa73121932a040f1a3a25151348136e2e3a6b2ca07,.context/safeparse-optimization/02-confirmation/scaling/results.json
02-confirmation,scaling,ack,nested-10000-valid,validate,8994.9166875,7910.9114375,1.1290515504353937,1.0490161086219347,1.2310000804693655,8,8,5426ad3fa10f6873b71b50da9d7e23f3ac90502f643f1e7e0a1594cc14f582ce,0119a433d92367d8e4a293aa73121932a040f1a3a25151348136e2e3a6b2ca07,.context/safeparse-optimization/02-confirmation/scaling/results.json
02-confirmation,scaling,ack,nested-10000-valid/decode+validate,decode+validate,15347.494875,13266.7265625,1.2108525623490363,0.963049382619873,1.382937781586003,7,8,5426ad3fa10f6873b71b50da9d7e23f3ac90502f643f1e7e0a1594cc14f582ce,0119a433d92367d8e4a293aa73121932a040f1a3a25151348136e2e3a6b2ca07,.context/safeparse-optimization/02-confirmation/scaling/results.json
02-property-entries-fixed,common,ack,flat-invalid-first,validate,1.8307247314453126,2.0022703857421873,0.9314060051055785,0.7641560150469331,1.0771277939826713,1,4,5426ad3fa10f6873b71b50da9d7e23f3ac90502f643f1e7e0a1594cc14f582ce,0119a433d92367d8e4a293aa73121932a040f1a3a25151348136e2e3a6b2ca07,.context/safeparse-optimization/02-property-entries-fixed/common/results.json
02-property-entries-fixed,common,ack,flat-invalid-last,validate,1.5026537628173828,1.4872601776123047,1.0100399496833044,0.8541203539901778,1.112770823883131,2,4,5426ad3fa10f6873b71b50da9d7e23f3ac90502f643f1e7e0a1594cc14f582ce,0119a433d92367d8e4a293aa73121932a040f1a3a25151348136e2e3a6b2ca07,.context/safeparse-optimization/02-property-entries-fixed/common/results.json
02-property-entries-fixed,common,ack,flat-invalid-many,validate,2.339620590209961,2.517964065551758,0.9156232090620172,0.8515215436985922,1.046449693208873,1,4,5426ad3fa10f6873b71b50da9d7e23f3ac90502f643f1e7e0a1594cc14f582ce,0119a433d92367d8e4a293aa73121932a040f1a3a25151348136e2e3a6b2ca07,.context/safeparse-optimization/02-property-entries-fixed/common/results.json
02-property-entries-fixed,common,ack,flat-missing,validate,2.565413803100586,2.478831588745117,1.0371769948157539,0.9601192705421459,1.4473943462576435,3,4,5426ad3fa10f6873b71b50da9d7e23f3ac90502f643f1e7e0a1594cc14f582ce,0119a433d92367d8e4a293aa73121932a040f1a3a25151348136e2e3a6b2ca07,.context/safeparse-optimization/02-property-entries-fixed/common/results.json
02-property-entries-fixed,common,ack,flat-mixed,validate,1.9057032318115235,1.93418310546875,0.9682930633312679,0.8112230166755713,1.392811180559882,2,4,5426ad3fa10f6873b71b50da9d7e23f3ac90502f643f1e7e0a1594cc14f582ce,0119a433d92367d8e4a293aa73121932a040f1a3a25151348136e2e3a6b2ca07,.context/safeparse-optimization/02-property-entries-fixed/common/results.json
02-property-entries-fixed,common,ack,flat-null,validate,1.7847436218261719,1.6470514831542968,1.0591790624310171,0.877957375546956,1.1569523747727761,3,4,5426ad3fa10f6873b71b50da9d7e23f3ac90502f643f1e7e0a1594cc14f582ce,0119a433d92367d8e4a293aa73121932a040f1a3a25151348136e2e3a6b2ca07,.context/safeparse-optimization/02-property-entries-fixed/common/results.json
02-property-entries-fixed,common,ack,flat-numeric-string,validate,1.603679672241211,1.691713348388672,0.8547577286697527,0.7535604812983847,1.4625255396301122,1,4,5426ad3fa10f6873b71b50da9d7e23f3ac90502f643f1e7e0a1594cc14f582ce,0119a433d92367d8e4a293aa73121932a040f1a3a25151348136e2e3a6b2ca07,.context/safeparse-optimization/02-property-entries-fixed/common/results.json
02-property-entries-fixed,common,ack,flat-unknown-key,validate,1.819882064819336,1.9435138702392578,0.9041358990891284,0.827954948503698,1.1656470110626205,1,4,5426ad3fa10f6873b71b50da9d7e23f3ac90502f643f1e7e0a1594cc14f582ce,0119a433d92367d8e4a293aa73121932a040f1a3a25151348136e2e3a6b2ca07,.context/safeparse-optimization/02-property-entries-fixed/common/results.json
02-property-entries-fixed,common,ack,flat-valid,validate,1.6020609436035156,1.5486170349121093,1.0170718186778673,1.0080620572691692,1.0613412793914418,4,4,5426ad3fa10f6873b71b50da9d7e23f3ac90502f643f1e7e0a1594cc14f582ce,0119a433d92367d8e4a293aa73121932a040f1a3a25151348136e2e3a6b2ca07,.context/safeparse-optimization/02-property-entries-fixed/common/results.json
02-property-entries-fixed,common,ack,flat-valid/construct+validate,construct+validate,5.606928527832031,5.302739501953125,1.0205383801807515,0.9300242490934248,1.1805861561657103,3,4,5426ad3fa10f6873b71b50da9d7e23f3ac90502f643f1e7e0a1594cc14f582ce,0119a433d92367d8e4a293aa73121932a040f1a3a25151348136e2e3a6b2ca07,.context/safeparse-optimization/02-property-entries-fixed/common/results.json
02-property-entries-fixed,common,ack,flat-valid/decode+validate,decode+validate,2.5042101440429687,2.101281478881836,1.1170881646494089,1.0271524947871675,1.3066235216119197,4,4,5426ad3fa10f6873b71b50da9d7e23f3ac90502f643f1e7e0a1594cc14f582ce,0119a433d92367d8e4a293aa73121932a040f1a3a25151348136e2e3a6b2ca07,.context/safeparse-optimization/02-property-entries-fixed/common/results.json
02-property-entries-fixed,common,ack,nested-1-valid,validate,1.523750961303711,1.5411605682373046,1.0258225368261613,0.9165046687311659,1.083726998404331,2,4,5426ad3fa10f6873b71b50da9d7e23f3ac90502f643f1e7e0a1594cc14f582ce,0119a433d92367d8e4a293aa73121932a040f1a3a25151348136e2e3a6b2ca07,.context/safeparse-optimization/02-property-entries-fixed/common/results.json
02-property-entries-fixed,common,ack,nested-50-invalid-first,validate,40.33070849609375,39.20787548828125,1.0028036663100968,0.9361243916676354,1.2802975780115629,2,4,5426ad3fa10f6873b71b50da9d7e23f3ac90502f643f1e7e0a1594cc14f582ce,0119a433d92367d8e4a293aa73121932a040f1a3a25151348136e2e3a6b2ca07,.context/safeparse-optimization/02-property-entries-fixed/common/results.json
02-property-entries-fixed,common,ack,nested-50-invalid-last,validate,39.24014233398437,42.61820458984375,0.9742339730041899,0.7327096934044901,0.9963340052137923,0,4,5426ad3fa10f6873b71b50da9d7e23f3ac90502f643f1e7e0a1594cc14f582ce,0119a433d92367d8e4a293aa73121932a040f1a3a25151348136e2e3a6b2ca07,.context/safeparse-optimization/02-property-entries-fixed/common/results.json
02-property-entries-fixed,common,ack,nested-50-invalid-many,validate,55.786234375,56.66758203125,0.9650977866044641,0.8647550346331452,1.100495708400407,2,4,5426ad3fa10f6873b71b50da9d7e23f3ac90502f643f1e7e0a1594cc14f582ce,0119a433d92367d8e4a293aa73121932a040f1a3a25151348136e2e3a6b2ca07,.context/safeparse-optimization/02-property-entries-fixed/common/results.json
02-property-entries-fixed,common,ack,nested-50-valid,validate,38.07489013671875,41.41105151367187,0.9819404404169356,0.7403496455644232,1.1162067754274143,2,4,5426ad3fa10f6873b71b50da9d7e23f3ac90502f643f1e7e0a1594cc14f582ce,0119a433d92367d8e4a293aa73121932a040f1a3a25151348136e2e3a6b2ca07,.context/safeparse-optimization/02-property-entries-fixed/common/results.json
02-property-entries-fixed,common,ack,nested-50-valid/construct+validate,construct+validate,44.68741870117187,43.177896484375,1.0464673672748364,0.9328870172372862,1.182954907640815,2,4,5426ad3fa10f6873b71b50da9d7e23f3ac90502f643f1e7e0a1594cc14f582ce,0119a433d92367d8e4a293aa73121932a040f1a3a25151348136e2e3a6b2ca07,.context/safeparse-optimization/02-property-entries-fixed/common/results.json
02-property-entries-fixed,common,ack,nested-50-valid/decode+validate,decode+validate,63.27618408203125,58.2615146484375,1.0211517330994313,0.9402336639712535,1.2821667422808904,2,4,5426ad3fa10f6873b71b50da9d7e23f3ac90502f643f1e7e0a1594cc14f582ce,0119a433d92367d8e4a293aa73121932a040f1a3a25151348136e2e3a6b2ca07,.context/safeparse-optimization/02-property-entries-fixed/common/results.json
02-property-entries-fixed,common,ack,nested-500-valid,validate,417.7876015625,413.524578125,1.0524074632705724,0.7494622280947625,1.1666198761655524,2,4,5426ad3fa10f6873b71b50da9d7e23f3ac90502f643f1e7e0a1594cc14f582ce,0119a433d92367d8e4a293aa73121932a040f1a3a25151348136e2e3a6b2ca07,.context/safeparse-optimization/02-property-entries-fixed/common/results.json
02-property-entries-fixed,common,ack,string-invalid-constraint,validate,0.6309043579101562,0.6714367866516113,0.9532236696283307,0.8891853270496524,0.9806745346468506,0,4,5426ad3fa10f6873b71b50da9d7e23f3ac90502f643f1e7e0a1594cc14f582ce,0119a433d92367d8e4a293aa73121932a040f1a3a25151348136e2e3a6b2ca07,.context/safeparse-optimization/02-property-entries-fixed/common/results.json
02-property-entries-fixed,common,ack,string-invalid-type,validate,0.16596174240112305,0.17238513660430907,0.9231774642286992,0.862336880314796,0.9956060072077398,0,4,5426ad3fa10f6873b71b50da9d7e23f3ac90502f643f1e7e0a1594cc14f582ce,0119a433d92367d8e4a293aa73121932a040f1a3a25151348136e2e3a6b2ca07,.context/safeparse-optimization/02-property-entries-fixed/common/results.json
02-property-entries-fixed,common,ack,string-valid,validate,0.3562234230041504,0.3634878807067871,0.9557913558746803,0.8792838747988855,1.10198194444244,2,4,5426ad3fa10f6873b71b50da9d7e23f3ac90502f643f1e7e0a1594cc14f582ce,0119a433d92367d8e4a293aa73121932a040f1a3a25151348136e2e3a6b2ca07,.context/safeparse-optimization/02-property-entries-fixed/common/results.json
02-property-entries-fixed,common,ack,string-valid/construct+validate,construct+validate,1.1885782928466797,1.20463720703125,0.9546972090561013,0.9178802744313936,1.0661653291139348,1,4,5426ad3fa10f6873b71b50da9d7e23f3ac90502f643f1e7e0a1594cc14f582ce,0119a433d92367d8e4a293aa73121932a040f1a3a25151348136e2e3a6b2ca07,.context/safeparse-optimization/02-property-entries-fixed/common/results.json
02-property-entries-fixed,scaling,ack,nested-1-invalid-first,validate,1.753424331665039,1.480211898803711,1.1940176062267929,1.0732707150529328,1.6764215932505715,4,4,5426ad3fa10f6873b71b50da9d7e23f3ac90502f643f1e7e0a1594cc14f582ce,0119a433d92367d8e4a293aa73121932a040f1a3a25151348136e2e3a6b2ca07,.context/safeparse-optimization/02-property-entries-fixed/scaling/results.json
02-property-entries-fixed,scaling,ack,nested-1-invalid-last,validate,1.9338887481689453,1.5312455596923829,1.221111246395448,1.0552895603834456,1.3000514888574226,4,4,5426ad3fa10f6873b71b50da9d7e23f3ac90502f643f1e7e0a1594cc14f582ce,0119a433d92367d8e4a293aa73121932a040f1a3a25151348136e2e3a6b2ca07,.context/safeparse-optimization/02-property-entries-fixed/scaling/results.json
02-property-entries-fixed,scaling,ack,nested-1-invalid-many,validate,1.6104481964111328,1.605004638671875,1.005631061322659,0.8442796302664964,1.1630037114457479,2,4,5426ad3fa10f6873b71b50da9d7e23f3ac90502f643f1e7e0a1594cc14f582ce,0119a433d92367d8e4a293aa73121932a040f1a3a25151348136e2e3a6b2ca07,.context/safeparse-optimization/02-property-entries-fixed/scaling/results.json
02-property-entries-fixed,scaling,ack,nested-1-valid,validate,1.4003270416259765,1.314154312133789,1.09237623284199,0.7816871485329715,1.186444447012406,3,4,5426ad3fa10f6873b71b50da9d7e23f3ac90502f643f1e7e0a1594cc14f582ce,0119a433d92367d8e4a293aa73121932a040f1a3a25151348136e2e3a6b2ca07,.context/safeparse-optimization/02-property-entries-fixed/scaling/results.json
02-property-entries-fixed,scaling,ack,nested-1-valid/decode+validate,decode+validate,2.4770908203125,1.8377189636230469,1.368289654209083,0.9955401563142483,1.463871346837792,3,4,5426ad3fa10f6873b71b50da9d7e23f3ac90502f643f1e7e0a1594cc14f582ce,0119a433d92367d8e4a293aa73121932a040f1a3a25151348136e2e3a6b2ca07,.context/safeparse-optimization/02-property-entries-fixed/scaling/results.json
02-property-entries-fixed,scaling,ack,nested-10-invalid-first,validate,8.26019793701172,7.745348571777344,1.0742370030120314,0.8290674600231235,1.5045262576893232,2,4,5426ad3fa10f6873b71b50da9d7e23f3ac90502f643f1e7e0a1594cc14f582ce,0119a433d92367d8e4a293aa73121932a040f1a3a25151348136e2e3a6b2ca07,.context/safeparse-optimization/02-property-entries-fixed/scaling/results.json
02-property-entries-fixed,scaling,ack,nested-10-invalid-last,validate,8.638674438476562,7.751986206054688,1.2040993457815787,1.0406659980730317,1.6606234987112005,4,4,5426ad3fa10f6873b71b50da9d7e23f3ac90502f643f1e7e0a1594cc14f582ce,0119a433d92367d8e4a293aa73121932a040f1a3a25151348136e2e3a6b2ca07,.context/safeparse-optimization/02-property-entries-fixed/scaling/results.json
02-property-entries-fixed,scaling,ack,nested-10-invalid-many,validate,13.004374145507812,10.49173486328125,1.3339984572716184,0.9747444726474422,1.7704586467671866,3,4,5426ad3fa10f6873b71b50da9d7e23f3ac90502f643f1e7e0a1594cc14f582ce,0119a433d92367d8e4a293aa73121932a040f1a3a25151348136e2e3a6b2ca07,.context/safeparse-optimization/02-property-entries-fixed/scaling/results.json
02-property-entries-fixed,scaling,ack,nested-10-valid,validate,7.8966827392578125,7.360231994628906,1.087456288174573,1.0018566236002406,1.2174736180410244,4,4,5426ad3fa10f6873b71b50da9d7e23f3ac90502f643f1e7e0a1594cc14f582ce,0119a433d92367d8e4a293aa73121932a040f1a3a25151348136e2e3a6b2ca07,.context/safeparse-optimization/02-property-entries-fixed/scaling/results.json
02-property-entries-fixed,scaling,ack,nested-10-valid/decode+validate,decode+validate,13.686269165039063,10.649861572265625,1.2563186925270138,1.1372954660026113,1.7685720972413188,4,4,5426ad3fa10f6873b71b50da9d7e23f3ac90502f643f1e7e0a1594cc14f582ce,0119a433d92367d8e4a293aa73121932a040f1a3a25151348136e2e3a6b2ca07,.context/safeparse-optimization/02-property-entries-fixed/scaling/results.json
02-property-entries-fixed,scaling,ack,nested-100-invalid-first,validate,77.74180078125,70.0162353515625,1.047213972440983,0.6511454332224365,1.2148790227657673,2,4,5426ad3fa10f6873b71b50da9d7e23f3ac90502f643f1e7e0a1594cc14f582ce,0119a433d92367d8e4a293aa73121932a040f1a3a25151348136e2e3a6b2ca07,.context/safeparse-optimization/02-property-entries-fixed/scaling/results.json
02-property-entries-fixed,scaling,ack,nested-100-invalid-last,validate,72.3935751953125,73.39381884765625,1.0711716272906144,0.9353793530955574,1.2079962804953486,2,4,5426ad3fa10f6873b71b50da9d7e23f3ac90502f643f1e7e0a1594cc14f582ce,0119a433d92367d8e4a293aa73121932a040f1a3a25151348136e2e3a6b2ca07,.context/safeparse-optimization/02-property-entries-fixed/scaling/results.json
02-property-entries-fixed,scaling,ack,nested-100-invalid-many,validate,104.083578125,95.0753984375,1.094776794353435,0.914270153700906,1.3848188904888894,3,4,5426ad3fa10f6873b71b50da9d7e23f3ac90502f643f1e7e0a1594cc14f582ce,0119a433d92367d8e4a293aa73121932a040f1a3a25151348136e2e3a6b2ca07,.context/safeparse-optimization/02-property-entries-fixed/scaling/results.json
02-property-entries-fixed,scaling,ack,nested-100-valid,validate,73.02691650390625,70.96866845703126,1.0074777625370064,0.842680756352538,1.1776794959339132,2,4,5426ad3fa10f6873b71b50da9d7e23f3ac90502f643f1e7e0a1594cc14f582ce,0119a433d92367d8e4a293aa73121932a040f1a3a25151348136e2e3a6b2ca07,.context/safeparse-optimization/02-property-entries-fixed/scaling/results.json
02-property-entries-fixed,scaling,ack,nested-100-valid/decode+validate,decode+validate,108.821939453125,96.1205234375,1.0914857989629372,0.9777053242679862,1.378526432857838,3,4,5426ad3fa10f6873b71b50da9d7e23f3ac90502f643f1e7e0a1594cc14f582ce,0119a433d92367d8e4a293aa73121932a040f1a3a25151348136e2e3a6b2ca07,.context/safeparse-optimization/02-property-entries-fixed/scaling/results.json
02-property-entries-fixed,scaling,ack,nested-1000-invalid-first,validate,749.26465625,754.526375,1.0098051280134857,0.8855130472196946,1.2898889179992719,2,4,5426ad3fa10f6873b71b50da9d7e23f3ac90502f643f1e7e0a1594cc14f582ce,0119a433d92367d8e4a293aa73121932a040f1a3a25151348136e2e3a6b2ca07,.context/safeparse-optimization/02-property-entries-fixed/scaling/results.json
02-property-entries-fixed,scaling,ack,nested-1000-invalid-last,validate,743.8590546875,685.487625,1.0500877181497699,0.8276919357316709,1.257915034051115,3,4,5426ad3fa10f6873b71b50da9d7e23f3ac90502f643f1e7e0a1594cc14f582ce,0119a433d92367d8e4a293aa73121932a040f1a3a25151348136e2e3a6b2ca07,.context/safeparse-optimization/02-property-entries-fixed/scaling/results.json
02-property-entries-fixed,scaling,ack,nested-1000-invalid-many,validate,1109.568359375,1065.44596875,0.9842864453441609,0.9381721193913986,1.2450429586129175,1,4,5426ad3fa10f6873b71b50da9d7e23f3ac90502f643f1e7e0a1594cc14f582ce,0119a433d92367d8e4a293aa73121932a040f1a3a25151348136e2e3a6b2ca07,.context/safeparse-optimization/02-property-entries-fixed/scaling/results.json
02-property-entries-fixed,scaling,ack,nested-1000-valid,validate,734.278328125,671.8307265625,1.0969615875467658,0.9135378546355281,1.2083766559301363,3,4,5426ad3fa10f6873b71b50da9d7e23f3ac90502f643f1e7e0a1594cc14f582ce,0119a433d92367d8e4a293aa73121932a040f1a3a25151348136e2e3a6b2ca07,.context/safeparse-optimization/02-property-entries-fixed/scaling/results.json
02-property-entries-fixed,scaling,ack,nested-1000-valid/decode+validate,decode+validate,1071.5634765625,1062.451171875,1.009213867101346,0.9560883198264181,1.0916544851593235,2,4,5426ad3fa10f6873b71b50da9d7e23f3ac90502f643f1e7e0a1594cc14f582ce,0119a433d92367d8e4a293aa73121932a040f1a3a25151348136e2e3a6b2ca07,.context/safeparse-optimization/02-property-entries-fixed/scaling/results.json
02-property-entries-fixed,scaling,ack,nested-10000-invalid-first,validate,8183.66925,7370.76825,1.1107165644644879,0.6481360251658838,1.2588937406789678,3,4,5426ad3fa10f6873b71b50da9d7e23f3ac90502f643f1e7e0a1594cc14f582ce,0119a433d92367d8e4a293aa73121932a040f1a3a25151348136e2e3a6b2ca07,.context/safeparse-optimization/02-property-entries-fixed/scaling/results.json
02-property-entries-fixed,scaling,ack,nested-10000-invalid-last,validate,7900.70575,8081.9010625,0.9732411608113658,0.7651307472167163,1.0629968638139486,2,4,5426ad3fa10f6873b71b50da9d7e23f3ac90502f643f1e7e0a1594cc14f582ce,0119a433d92367d8e4a293aa73121932a040f1a3a25151348136e2e3a6b2ca07,.context/safeparse-optimization/02-property-entries-fixed/scaling/results.json
02-property-entries-fixed,scaling,ack,nested-10000-invalid-many,validate,24083.062625,22804.99475,1.0959599222959606,0.9485156131963853,1.170354914778042,3,4,5426ad3fa10f6873b71b50da9d7e23f3ac90502f643f1e7e0a1594cc14f582ce,0119a433d92367d8e4a293aa73121932a040f1a3a25151348136e2e3a6b2ca07,.context/safeparse-optimization/02-property-entries-fixed/scaling/results.json
02-property-entries-fixed,scaling,ack,nested-10000-valid,validate,8829.0416875,7851.0833125,1.1140829382898192,1.0935290736272167,1.2404253736362294,4,4,5426ad3fa10f6873b71b50da9d7e23f3ac90502f643f1e7e0a1594cc14f582ce,0119a433d92367d8e4a293aa73121932a040f1a3a25151348136e2e3a6b2ca07,.context/safeparse-optimization/02-property-entries-fixed/scaling/results.json
02-property-entries-fixed,scaling,ack,nested-10000-valid/decode+validate,decode+validate,13131.317625,13938.776125,1.1027883522458948,0.8546065113177216,1.3352877171941364,3,4,5426ad3fa10f6873b71b50da9d7e23f3ac90502f643f1e7e0a1594cc14f582ce,0119a433d92367d8e4a293aa73121932a040f1a3a25151348136e2e3a6b2ca07,.context/safeparse-optimization/02-property-entries-fixed/scaling/results.json
03-confirmation,common,ack,flat-mixed,validate,1.6201581954956055,1.6527694091796874,1.0005558868437165,0.8118273452954196,1.018612962529207,4,8,8eb7036e5eccd765d28465a2ae0d2e40442376070eb36229a80a6181e3879b6e,0119a433d92367d8e4a293aa73121932a040f1a3a25151348136e2e3a6b2ca07,.context/safeparse-optimization/03-confirmation/common/results.json
03-confirmation,common,ack,flat-valid,validate,1.4657214431762695,1.4571873321533204,1.0061717219329955,0.9217905223006484,1.0896087033026016,4,8,8eb7036e5eccd765d28465a2ae0d2e40442376070eb36229a80a6181e3879b6e,0119a433d92367d8e4a293aa73121932a040f1a3a25151348136e2e3a6b2ca07,.context/safeparse-optimization/03-confirmation/common/results.json
03-confirmation,common,ack,flat-valid/construct+validate,construct+validate,4.356965393066406,4.351947784423828,0.9854015783319927,0.8667775233126344,1.162654497272408,4,8,8eb7036e5eccd765d28465a2ae0d2e40442376070eb36229a80a6181e3879b6e,0119a433d92367d8e4a293aa73121932a040f1a3a25151348136e2e3a6b2ca07,.context/safeparse-optimization/03-confirmation/common/results.json
03-confirmation,common,ack,nested-50-invalid-many,validate,49.836496826171874,51.60758471679687,0.955904410559711,0.7893485006295823,1.1232181175513778,3,8,8eb7036e5eccd765d28465a2ae0d2e40442376070eb36229a80a6181e3879b6e,0119a433d92367d8e4a293aa73121932a040f1a3a25151348136e2e3a6b2ca07,.context/safeparse-optimization/03-confirmation/common/results.json
03-confirmation,common,ack,nested-500-valid,validate,357.33797265625,355.086587890625,1.022518110913834,0.8902616280148127,1.1886690292511881,4,8,8eb7036e5eccd765d28465a2ae0d2e40442376070eb36229a80a6181e3879b6e,0119a433d92367d8e4a293aa73121932a040f1a3a25151348136e2e3a6b2ca07,.context/safeparse-optimization/03-confirmation/common/results.json
03-confirmation,common,ack,string-valid,validate,0.31557488441467285,0.30987890815734864,1.0195692972689514,0.9030550691656615,1.0851674594121241,6,8,8eb7036e5eccd765d28465a2ae0d2e40442376070eb36229a80a6181e3879b6e,0119a433d92367d8e4a293aa73121932a040f1a3a25151348136e2e3a6b2ca07,.context/safeparse-optimization/03-confirmation/common/results.json
03-confirmation,scaling,ack,nested-10-valid/decode+validate,decode+validate,11.581306457519531,11.38491827392578,1.0047163891050508,0.8706327171410052,1.0644805362625653,4,8,8eb7036e5eccd765d28465a2ae0d2e40442376070eb36229a80a6181e3879b6e,0119a433d92367d8e4a293aa73121932a040f1a3a25151348136e2e3a6b2ca07,.context/safeparse-optimization/03-confirmation/scaling/results.json
03-confirmation,scaling,ack,nested-1000-invalid-last,validate,730.09261328125,750.2005234375,0.9878341166689857,0.9235001883037869,1.0367282879198454,2,8,8eb7036e5eccd765d28465a2ae0d2e40442376070eb36229a80a6181e3879b6e,0119a433d92367d8e4a293aa73121932a040f1a3a25151348136e2e3a6b2ca07,.context/safeparse-optimization/03-confirmation/scaling/results.json
03-confirmation,scaling,ack,nested-10000-invalid-many,validate,24314.984375,25305.755125,0.9770565114353247,0.8945100038459999,1.0884126744783447,3,8,8eb7036e5eccd765d28465a2ae0d2e40442376070eb36229a80a6181e3879b6e,0119a433d92367d8e4a293aa73121932a040f1a3a25151348136e2e3a6b2ca07,.context/safeparse-optimization/03-confirmation/scaling/results.json
03-confirmation,scaling,ack,nested-10000-valid,validate,8573.875,8927.6796875,0.9414746887837846,0.8725357430534223,1.0611318514530421,2,8,8eb7036e5eccd765d28465a2ae0d2e40442376070eb36229a80a6181e3879b6e,0119a433d92367d8e4a293aa73121932a040f1a3a25151348136e2e3a6b2ca07,.context/safeparse-optimization/03-confirmation/scaling/results.json
03-confirmation,scaling,ack,nested-10000-valid/decode+validate,decode+validate,14564.99475,14425.9739375,1.0404304987614683,0.8574650640118534,1.2374307528680633,5,8,8eb7036e5eccd765d28465a2ae0d2e40442376070eb36229a80a6181e3879b6e,0119a433d92367d8e4a293aa73121932a040f1a3a25151348136e2e3a6b2ca07,.context/safeparse-optimization/03-confirmation/scaling/results.json
03-integer-fast-path,common,ack,flat-invalid-first,validate,1.9795926361083984,1.7776578216552734,1.081560655970058,0.9930602663915027,1.3641981954822455,3,4,8eb7036e5eccd765d28465a2ae0d2e40442376070eb36229a80a6181e3879b6e,0119a433d92367d8e4a293aa73121932a040f1a3a25151348136e2e3a6b2ca07,.context/safeparse-optimization/03-integer-fast-path/common/results.json
03-integer-fast-path,common,ack,flat-invalid-last,validate,1.5262406768798829,1.3363780975341797,1.1262097331175698,0.9742194386081421,1.3513494324621205,3,4,8eb7036e5eccd765d28465a2ae0d2e40442376070eb36229a80a6181e3879b6e,0119a433d92367d8e4a293aa73121932a040f1a3a25151348136e2e3a6b2ca07,.context/safeparse-optimization/03-integer-fast-path/common/results.json
03-integer-fast-path,common,ack,flat-invalid-many,validate,2.0364017486572266,2.086627960205078,0.9932013442921807,0.9552589845796344,1.0225450870039625,2,4,8eb7036e5eccd765d28465a2ae0d2e40442376070eb36229a80a6181e3879b6e,0119a433d92367d8e4a293aa73121932a040f1a3a25151348136e2e3a6b2ca07,.context/safeparse-optimization/03-integer-fast-path/common/results.json
03-integer-fast-path,common,ack,flat-missing,validate,2.3851311950683596,2.4105968475341797,0.959453377819568,0.86900592946758,1.4082755860222316,2,4,8eb7036e5eccd765d28465a2ae0d2e40442376070eb36229a80a6181e3879b6e,0119a433d92367d8e4a293aa73121932a040f1a3a25151348136e2e3a6b2ca07,.context/safeparse-optimization/03-integer-fast-path/common/results.json
03-integer-fast-path,common,ack,flat-mixed,validate,1.718345001220703,1.5963153839111328,1.0696672942153977,1.0403679118923985,1.1134463827039438,4,4,8eb7036e5eccd765d28465a2ae0d2e40442376070eb36229a80a6181e3879b6e,0119a433d92367d8e4a293aa73121932a040f1a3a25151348136e2e3a6b2ca07,.context/safeparse-optimization/03-integer-fast-path/common/results.json
03-integer-fast-path,common,ack,flat-null,validate,1.629367202758789,1.5617078094482422,1.0129908074995981,1.0037433193679293,1.0921371271956406,4,4,8eb7036e5eccd765d28465a2ae0d2e40442376070eb36229a80a6181e3879b6e,0119a433d92367d8e4a293aa73121932a040f1a3a25151348136e2e3a6b2ca07,.context/safeparse-optimization/03-integer-fast-path/common/results.json
03-integer-fast-path,common,ack,flat-numeric-string,validate,1.5702552795410156,1.454530731201172,1.079550778925239,0.8231775212102604,1.2867230539965648,3,4,8eb7036e5eccd765d28465a2ae0d2e40442376070eb36229a80a6181e3879b6e,0119a433d92367d8e4a293aa73121932a040f1a3a25151348136e2e3a6b2ca07,.context/safeparse-optimization/03-integer-fast-path/common/results.json
03-integer-fast-path,common,ack,flat-unknown-key,validate,1.7490565032958985,1.6427942810058593,1.0304606295788314,0.992525827529385,1.2607241437705676,2,4,8eb7036e5eccd765d28465a2ae0d2e40442376070eb36229a80a6181e3879b6e,0119a433d92367d8e4a293aa73121932a040f1a3a25151348136e2e3a6b2ca07,.context/safeparse-optimization/03-integer-fast-path/common/results.json
03-integer-fast-path,common,ack,flat-valid,validate,1.6046746673583985,1.4580377044677735,1.0880726582059435,1.016737310461495,1.1537493023298295,4,4,8eb7036e5eccd765d28465a2ae0d2e40442376070eb36229a80a6181e3879b6e,0119a433d92367d8e4a293aa73121932a040f1a3a25151348136e2e3a6b2ca07,.context/safeparse-optimization/03-integer-fast-path/common/results.json
03-integer-fast-path,common,ack,flat-valid/construct+validate,construct+validate,4.740936279296875,4.439992279052734,1.0724124116106646,1.014294177463606,1.086224247675315,4,4,8eb7036e5eccd765d28465a2ae0d2e40442376070eb36229a80a6181e3879b6e,0119a433d92367d8e4a293aa73121932a040f1a3a25151348136e2e3a6b2ca07,.context/safeparse-optimization/03-integer-fast-path/common/results.json
03-integer-fast-path,common,ack,flat-valid/decode+validate,decode+validate,2.107381820678711,2.090116500854492,1.0345344697334378,0.8746164644029113,1.0954828765524107,2,4,8eb7036e5eccd765d28465a2ae0d2e40442376070eb36229a80a6181e3879b6e,0119a433d92367d8e4a293aa73121932a040f1a3a25151348136e2e3a6b2ca07,.context/safeparse-optimization/03-integer-fast-path/common/results.json
03-integer-fast-path,common,ack,nested-1-valid,validate,1.4320017547607422,1.4152882843017578,1.010594196255793,0.9743790229890885,1.0279487298797554,2,4,8eb7036e5eccd765d28465a2ae0d2e40442376070eb36229a80a6181e3879b6e,0119a433d92367d8e4a293aa73121932a040f1a3a25151348136e2e3a6b2ca07,.context/safeparse-optimization/03-integer-fast-path/common/results.json
03-integer-fast-path,common,ack,nested-50-invalid-first,validate,37.49367260742188,38.00484228515625,1.0041084361283432,0.9332634921168272,1.0641650056498868,2,4,8eb7036e5eccd765d28465a2ae0d2e40442376070eb36229a80a6181e3879b6e,0119a433d92367d8e4a293aa73121932a040f1a3a25151348136e2e3a6b2ca07,.context/safeparse-optimization/03-integer-fast-path/common/results.json
03-integer-fast-path,common,ack,nested-50-invalid-last,validate,36.91595458984375,36.000823974609375,0.9998683587718111,0.8899809079704238,1.3186136005746822,2,4,8eb7036e5eccd765d28465a2ae0d2e40442376070eb36229a80a6181e3879b6e,0119a433d92367d8e4a293aa73121932a040f1a3a25151348136e2e3a6b2ca07,.context/safeparse-optimization/03-integer-fast-path/common/results.json
03-integer-fast-path,common,ack,nested-50-invalid-many,validate,51.620015625,54.45294189453125,0.9500169905678202,0.46531992018246243,1.3053067047075606,1,4,8eb7036e5eccd765d28465a2ae0d2e40442376070eb36229a80a6181e3879b6e,0119a433d92367d8e4a293aa73121932a040f1a3a25151348136e2e3a6b2ca07,.context/safeparse-optimization/03-integer-fast-path/common/results.json
03-integer-fast-path,common,ack,nested-50-valid,validate,43.518442626953124,35.92445874023438,1.2805492684474147,0.9366903154373866,1.449884418143758,3,4,8eb7036e5eccd765d28465a2ae0d2e40442376070eb36229a80a6181e3879b6e,0119a433d92367d8e4a293aa73121932a040f1a3a25151348136e2e3a6b2ca07,.context/safeparse-optimization/03-integer-fast-path/common/results.json
03-integer-fast-path,common,ack,nested-50-valid/construct+validate,construct+validate,41.60298681640625,39.72330737304687,1.057050446125043,0.9433023713959346,1.1165342750555232,3,4,8eb7036e5eccd765d28465a2ae0d2e40442376070eb36229a80a6181e3879b6e,0119a433d92367d8e4a293aa73121932a040f1a3a25151348136e2e3a6b2ca07,.context/safeparse-optimization/03-integer-fast-path/common/results.json
03-integer-fast-path,common,ack,nested-50-valid/decode+validate,decode+validate,55.8860673828125,52.6005048828125,1.0493300390093319,0.9468109638007184,1.0924242876440307,3,4,8eb7036e5eccd765d28465a2ae0d2e40442376070eb36229a80a6181e3879b6e,0119a433d92367d8e4a293aa73121932a040f1a3a25151348136e2e3a6b2ca07,.context/safeparse-optimization/03-integer-fast-path/common/results.json
03-integer-fast-path,common,ack,nested-500-valid,validate,353.787921875,367.568359375,0.9367176557192061,0.8926702662945993,1.3335232535817727,1,4,8eb7036e5eccd765d28465a2ae0d2e40442376070eb36229a80a6181e3879b6e,0119a433d92367d8e4a293aa73121932a040f1a3a25151348136e2e3a6b2ca07,.context/safeparse-optimization/03-integer-fast-path/common/results.json
03-integer-fast-path,common,ack,string-invalid-constraint,validate,0.6037743873596192,0.5970377883911133,1.0133787860190546,0.9752139442318921,1.1032917218108134,2,4,8eb7036e5eccd765d28465a2ae0d2e40442376070eb36229a80a6181e3879b6e,0119a433d92367d8e4a293aa73121932a040f1a3a25151348136e2e3a6b2ca07,.context/safeparse-optimization/03-integer-fast-path/common/results.json
03-integer-fast-path,common,ack,string-invalid-type,validate,0.15834371185302734,0.15367388725280762,1.0411462442402095,1.0150500707264707,1.0574996033779984,4,4,8eb7036e5eccd765d28465a2ae0d2e40442376070eb36229a80a6181e3879b6e,0119a433d92367d8e4a293aa73121932a040f1a3a25151348136e2e3a6b2ca07,.context/safeparse-optimization/03-integer-fast-path/common/results.json
03-integer-fast-path,common,ack,string-valid,validate,0.3469638786315918,0.30810658264160157,1.1070615415836327,1.0061946659691534,1.1736227034305198,4,4,8eb7036e5eccd765d28465a2ae0d2e40442376070eb36229a80a6181e3879b6e,0119a433d92367d8e4a293aa73121932a040f1a3a25151348136e2e3a6b2ca07,.context/safeparse-optimization/03-integer-fast-path/common/results.json
03-integer-fast-path,common,ack,string-valid/construct+validate,construct+validate,1.1777725143432618,1.114011444091797,0.9832651097951712,0.701939206666088,1.2976886528680713,2,4,8eb7036e5eccd765d28465a2ae0d2e40442376070eb36229a80a6181e3879b6e,0119a433d92367d8e4a293aa73121932a040f1a3a25151348136e2e3a6b2ca07,.context/safeparse-optimization/03-integer-fast-path/common/results.json
03-integer-fast-path,scaling,ack,nested-1-invalid-first,validate,1.728965118408203,1.6662152709960938,1.0228513170661593,0.8891407900970312,1.0927792052277148,2,4,8eb7036e5eccd765d28465a2ae0d2e40442376070eb36229a80a6181e3879b6e,0119a433d92367d8e4a293aa73121932a040f1a3a25151348136e2e3a6b2ca07,.context/safeparse-optimization/03-integer-fast-path/scaling/results.json
03-integer-fast-path,scaling,ack,nested-1-invalid-last,validate,1.7966416778564454,1.681371063232422,1.0645448823249384,0.5076234347235846,1.3242787319978786,3,4,8eb7036e5eccd765d28465a2ae0d2e40442376070eb36229a80a6181e3879b6e,0119a433d92367d8e4a293aa73121932a040f1a3a25151348136e2e3a6b2ca07,.context/safeparse-optimization/03-integer-fast-path/scaling/results.json
03-integer-fast-path,scaling,ack,nested-1-invalid-many,validate,1.6788005828857422,1.6153704223632812,1.0707888152318223,1.0046056944141057,1.1592451314553571,4,4,8eb7036e5eccd765d28465a2ae0d2e40442376070eb36229a80a6181e3879b6e,0119a433d92367d8e4a293aa73121932a040f1a3a25151348136e2e3a6b2ca07,.context/safeparse-optimization/03-integer-fast-path/scaling/results.json
03-integer-fast-path,scaling,ack,nested-1-valid,validate,1.420435577392578,1.4093799591064453,0.9881029139800107,0.9378668868143641,1.0629186490115214,2,4,8eb7036e5eccd765d28465a2ae0d2e40442376070eb36229a80a6181e3879b6e,0119a433d92367d8e4a293aa73121932a040f1a3a25151348136e2e3a6b2ca07,.context/safeparse-optimization/03-integer-fast-path/scaling/results.json
03-integer-fast-path,scaling,ack,nested-1-valid/decode+validate,decode+validate,2.0874017028808596,2.076326370239258,1.024718459713607,1.000169383987039,1.0946471406240834,4,4,8eb7036e5eccd765d28465a2ae0d2e40442376070eb36229a80a6181e3879b6e,0119a433d92367d8e4a293aa73121932a040f1a3a25151348136e2e3a6b2ca07,.context/safeparse-optimization/03-integer-fast-path/scaling/results.json
03-integer-fast-path,scaling,ack,nested-10-invalid-first,validate,9.921346008300782,8.199984191894531,1.2054267339498668,0.9350076827923768,1.6864283593943026,2,4,8eb7036e5eccd765d28465a2ae0d2e40442376070eb36229a80a6181e3879b6e,0119a433d92367d8e4a293aa73121932a040f1a3a25151348136e2e3a6b2ca07,.context/safeparse-optimization/03-integer-fast-path/scaling/results.json
03-integer-fast-path,scaling,ack,nested-10-invalid-last,validate,9.1150029296875,7.947547912597656,1.0495509591868801,1.0458683861574258,1.2623846695427927,4,4,8eb7036e5eccd765d28465a2ae0d2e40442376070eb36229a80a6181e3879b6e,0119a433d92367d8e4a293aa73121932a040f1a3a25151348136e2e3a6b2ca07,.context/safeparse-optimization/03-integer-fast-path/scaling/results.json
03-integer-fast-path,scaling,ack,nested-10-invalid-many,validate,11.33837890625,11.229293823242188,1.0404746247916306,0.9188264147233677,1.3211955253911694,3,4,8eb7036e5eccd765d28465a2ae0d2e40442376070eb36229a80a6181e3879b6e,0119a433d92367d8e4a293aa73121932a040f1a3a25151348136e2e3a6b2ca07,.context/safeparse-optimization/03-integer-fast-path/scaling/results.json
03-integer-fast-path,scaling,ack,nested-10-valid,validate,8.157816589355468,7.638226806640625,1.0408451135789796,0.958981448882393,1.101716526619732,3,4,8eb7036e5eccd765d28465a2ae0d2e40442376070eb36229a80a6181e3879b6e,0119a433d92367d8e4a293aa73121932a040f1a3a25151348136e2e3a6b2ca07,.context/safeparse-optimization/03-integer-fast-path/scaling/results.json
03-integer-fast-path,scaling,ack,nested-10-valid/decode+validate,decode+validate,11.370671508789062,13.885940551757812,0.877502315440469,0.639979572812953,1.1111743563501106,1,4,8eb7036e5eccd765d28465a2ae0d2e40442376070eb36229a80a6181e3879b6e,0119a433d92367d8e4a293aa73121932a040f1a3a25151348136e2e3a6b2ca07,.context/safeparse-optimization/03-integer-fast-path/scaling/results.json
03-integer-fast-path,scaling,ack,nested-100-invalid-first,validate,75.8332314453125,72.382955078125,1.0725946093453267,0.9916322609382893,1.5093190679935007,3,4,8eb7036e5eccd765d28465a2ae0d2e40442376070eb36229a80a6181e3879b6e,0119a433d92367d8e4a293aa73121932a040f1a3a25151348136e2e3a6b2ca07,.context/safeparse-optimization/03-integer-fast-path/scaling/results.json
03-integer-fast-path,scaling,ack,nested-100-invalid-last,validate,71.7180986328125,72.259236328125,1.006477068051731,0.5514182447990904,1.0882179609229792,2,4,8eb7036e5eccd765d28465a2ae0d2e40442376070eb36229a80a6181e3879b6e,0119a433d92367d8e4a293aa73121932a040f1a3a25151348136e2e3a6b2ca07,.context/safeparse-optimization/03-integer-fast-path/scaling/results.json
03-integer-fast-path,scaling,ack,nested-100-invalid-many,validate,104.611572265625,104.3470859375,1.027541401164834,0.9421193901711739,1.2769855886187835,3,4,8eb7036e5eccd765d28465a2ae0d2e40442376070eb36229a80a6181e3879b6e,0119a433d92367d8e4a293aa73121932a040f1a3a25151348136e2e3a6b2ca07,.context/safeparse-optimization/03-integer-fast-path/scaling/results.json
03-integer-fast-path,scaling,ack,nested-100-valid,validate,72.63405419921875,71.93733740234374,1.0097716671948986,0.9477394309908227,1.0590169070749902,2,4,8eb7036e5eccd765d28465a2ae0d2e40442376070eb36229a80a6181e3879b6e,0119a433d92367d8e4a293aa73121932a040f1a3a25151348136e2e3a6b2ca07,.context/safeparse-optimization/03-integer-fast-path/scaling/results.json
03-integer-fast-path,scaling,ack,nested-100-valid/decode+validate,decode+validate,107.859375,113.0447587890625,0.9426198500455044,0.8588520297846615,1.0687526649966577,1,4,8eb7036e5eccd765d28465a2ae0d2e40442376070eb36229a80a6181e3879b6e,0119a433d92367d8e4a293aa73121932a040f1a3a25151348136e2e3a6b2ca07,.context/safeparse-optimization/03-integer-fast-path/scaling/results.json
03-integer-fast-path,scaling,ack,nested-1000-invalid-first,validate,752.94759375,741.550125,1.0078084476760343,0.9291042232710057,1.188213917323016,2,4,8eb7036e5eccd765d28465a2ae0d2e40442376070eb36229a80a6181e3879b6e,0119a433d92367d8e4a293aa73121932a040f1a3a25151348136e2e3a6b2ca07,.context/safeparse-optimization/03-integer-fast-path/scaling/results.json
03-integer-fast-path,scaling,ack,nested-1000-invalid-last,validate,763.0787734375,833.9381484375,0.8906441423433521,0.6501870017474568,1.0598580803669162,1,4,8eb7036e5eccd765d28465a2ae0d2e40442376070eb36229a80a6181e3879b6e,0119a433d92367d8e4a293aa73121932a040f1a3a25151348136e2e3a6b2ca07,.context/safeparse-optimization/03-integer-fast-path/scaling/results.json
03-integer-fast-path,scaling,ack,nested-1000-invalid-many,validate,1102.34278125,1070.6556015625,1.0061181294386246,0.9041631810744309,1.0497893098805797,2,4,8eb7036e5eccd765d28465a2ae0d2e40442376070eb36229a80a6181e3879b6e,0119a433d92367d8e4a293aa73121932a040f1a3a25151348136e2e3a6b2ca07,.context/safeparse-optimization/03-integer-fast-path/scaling/results.json
03-integer-fast-path,scaling,ack,nested-1000-valid,validate,739.91309375,735.0136796875,0.9984270388377142,0.768358892650696,1.0695229525570544,2,4,8eb7036e5eccd765d28465a2ae0d2e40442376070eb36229a80a6181e3879b6e,0119a433d92367d8e4a293aa73121932a040f1a3a25151348136e2e3a6b2ca07,.context/safeparse-optimization/03-integer-fast-path/scaling/results.json
03-integer-fast-path,scaling,ack,nested-1000-valid/decode+validate,decode+validate,1064.8017578125,1096.4156875,1.0178978286726132,0.9099415808626865,1.0665155823086017,2,4,8eb7036e5eccd765d28465a2ae0d2e40442376070eb36229a80a6181e3879b6e,0119a433d92367d8e4a293aa73121932a040f1a3a25151348136e2e3a6b2ca07,.context/safeparse-optimization/03-integer-fast-path/scaling/results.json
03-integer-fast-path,scaling,ack,nested-10000-invalid-first,validate,8074.572875,8291.58075,0.97406673654265,0.7442441112057644,1.2011429839430312,1,4,8eb7036e5eccd765d28465a2ae0d2e40442376070eb36229a80a6181e3879b6e,0119a433d92367d8e4a293aa73121932a040f1a3a25151348136e2e3a6b2ca07,.context/safeparse-optimization/03-integer-fast-path/scaling/results.json
03-integer-fast-path,scaling,ack,nested-10000-invalid-last,validate,8561.684875,8158.263,1.0206561186437129,0.8536316105415823,1.096170110165526,2,4,8eb7036e5eccd765d28465a2ae0d2e40442376070eb36229a80a6181e3879b6e,0119a433d92367d8e4a293aa73121932a040f1a3a25151348136e2e3a6b2ca07,.context/safeparse-optimization/03-integer-fast-path/scaling/results.json
03-integer-fast-path,scaling,ack,nested-10000-invalid-many,validate,23738.47925,23094.739625,1.0174210253321863,0.9867317826453788,1.0839146625628815,3,4,8eb7036e5eccd765d28465a2ae0d2e40442376070eb36229a80a6181e3879b6e,0119a433d92367d8e4a293aa73121932a040f1a3a25151348136e2e3a6b2ca07,.context/safeparse-optimization/03-integer-fast-path/scaling/results.json
03-integer-fast-path,scaling,ack,nested-10000-valid,validate,8781.51825,8750.05725,1.0133278334973224,0.9943285005559832,1.0862746405783135,3,4,8eb7036e5eccd765d28465a2ae0d2e40442376070eb36229a80a6181e3879b6e,0119a433d92367d8e4a293aa73121932a040f1a3a25151348136e2e3a6b2ca07,.context/safeparse-optimization/03-integer-fast-path/scaling/results.json
03-integer-fast-path,scaling,ack,nested-10000-valid/decode+validate,decode+validate,14714.270875,14507.078125,0.9989525700726847,0.9247025100883244,1.1532971629269424,2,4,8eb7036e5eccd765d28465a2ae0d2e40442376070eb36229a80a6181e3879b6e,0119a433d92367d8e4a293aa73121932a040f1a3a25151348136e2e3a6b2ca07,.context/safeparse-optimization/03-integer-fast-path/scaling/results.json
04-confirmation,common,ack-json-schema,flat-missing,validate,0.7537841835021972,0.7469528503417969,1.0065294854644096,0.9367351961346174,1.040416653457983,5,8,c3f1e13ba7c00050a94d569d3613c7d722d126208e8dd6d0497e041d6841422e,0119a433d92367d8e4a293aa73121932a040f1a3a25151348136e2e3a6b2ca07,.context/safeparse-optimization/04-confirmation/common/results.json
04-confirmation,common,ack-json-schema,flat-valid,validate,1.1610879821777345,1.0848309173583985,1.0584986215288468,1.0426575481008995,1.1015997498995131,8,8,c3f1e13ba7c00050a94d569d3613c7d722d126208e8dd6d0497e041d6841422e,0119a433d92367d8e4a293aa73121932a040f1a3a25151348136e2e3a6b2ca07,.context/safeparse-optimization/04-confirmation/common/results.json
04-confirmation,common,ack-json-schema,flat-valid/construct+validate,construct+validate,13.990610717773437,14.19482421875,1.002886824723622,0.9362215330702426,1.0699901260410702,4,8,c3f1e13ba7c00050a94d569d3613c7d722d126208e8dd6d0497e041d6841422e,0119a433d92367d8e4a293aa73121932a040f1a3a25151348136e2e3a6b2ca07,.context/safeparse-optimization/04-confirmation/common/results.json
04-confirmation,common,ack-json-schema,nested-500-valid,validate,289.994953125,267.436361328125,1.0832303447651896,1.0284308369727293,1.1137770910421183,8,8,c3f1e13ba7c00050a94d569d3613c7d722d126208e8dd6d0497e041d6841422e,0119a433d92367d8e4a293aa73121932a040f1a3a25151348136e2e3a6b2ca07,.context/safeparse-optimization/04-confirmation/common/results.json
04-confirmation,common,ack-json-schema,string-valid,validate,0.276283899307251,0.26639533042907715,1.0388420119488084,0.9341515516170139,1.1538884775160545,6,8,c3f1e13ba7c00050a94d569d3613c7d722d126208e8dd6d0497e041d6841422e,0119a433d92367d8e4a293aa73121932a040f1a3a25151348136e2e3a6b2ca07,.context/safeparse-optimization/04-confirmation/common/results.json
04-confirmation,common,ack-json-schema,string-valid/construct+validate,construct+validate,2.7500228881835938,2.761489242553711,1.0025615985808587,0.9217566140569269,1.1202973856708316,5,8,c3f1e13ba7c00050a94d569d3613c7d722d126208e8dd6d0497e041d6841422e,0119a433d92367d8e4a293aa73121932a040f1a3a25151348136e2e3a6b2ca07,.context/safeparse-optimization/04-confirmation/common/results.json
04-confirmation,scaling,ack-json-schema,nested-1-valid,validate,1.2951262817382811,1.246258415222168,1.048145926267023,0.9810078914054043,1.092973508297046,7,8,c3f1e13ba7c00050a94d569d3613c7d722d126208e8dd6d0497e041d6841422e,0119a433d92367d8e4a293aa73121932a040f1a3a25151348136e2e3a6b2ca07,.context/safeparse-optimization/04-confirmation/scaling/results.json
04-confirmation,scaling,ack-json-schema,nested-1000-valid,validate,607.109375,595.28711328125,1.0226122896462884,0.9677860250322082,1.1179663841872671,7,8,c3f1e13ba7c00050a94d569d3613c7d722d126208e8dd6d0497e041d6841422e,0119a433d92367d8e4a293aa73121932a040f1a3a25151348136e2e3a6b2ca07,.context/safeparse-optimization/04-confirmation/scaling/results.json
04-confirmation,scaling,ack-json-schema,nested-10000-invalid-many,validate,2182.433578125,2154.330734375,0.9998688358046566,0.9461697913166704,1.1385082417109325,4,8,c3f1e13ba7c00050a94d569d3613c7d722d126208e8dd6d0497e041d6841422e,0119a433d92367d8e4a293aa73121932a040f1a3a25151348136e2e3a6b2ca07,.context/safeparse-optimization/04-confirmation/scaling/results.json
04-confirmation,scaling,ack-json-schema,nested-10000-valid,validate,6689.85159375,6330.51565625,1.054249638827098,1.019664725827367,1.0802670958362586,8,8,c3f1e13ba7c00050a94d569d3613c7d722d126208e8dd6d0497e041d6841422e,0119a433d92367d8e4a293aa73121932a040f1a3a25151348136e2e3a6b2ca07,.context/safeparse-optimization/04-confirmation/scaling/results.json
04-confirmation,scaling,ack-json-schema,nested-10000-valid/decode+validate,decode+validate,10261.2421875,9557.265625,1.0722635945816428,1.0243783419874104,1.1353226510551946,8,8,c3f1e13ba7c00050a94d569d3613c7d722d126208e8dd6d0497e041d6841422e,0119a433d92367d8e4a293aa73121932a040f1a3a25151348136e2e3a6b2ca07,.context/safeparse-optimization/04-confirmation/scaling/results.json
04-singleton-type,common,ack-json-schema,flat-invalid-first,validate,1.2868461532592774,1.22857666015625,1.0598820122052128,1.0173294678552804,1.1158140152430673,4,4,c3f1e13ba7c00050a94d569d3613c7d722d126208e8dd6d0497e041d6841422e,0119a433d92367d8e4a293aa73121932a040f1a3a25151348136e2e3a6b2ca07,.context/safeparse-optimization/04-singleton-type/common/results.json
04-singleton-type,common,ack-json-schema,flat-invalid-last,validate,1.9011516571044922,1.8661333770751953,1.0428121175743466,0.9599276514308569,1.0646617667511848,3,4,c3f1e13ba7c00050a94d569d3613c7d722d126208e8dd6d0497e041d6841422e,0119a433d92367d8e4a293aa73121932a040f1a3a25151348136e2e3a6b2ca07,.context/safeparse-optimization/04-singleton-type/common/results.json
04-singleton-type,common,ack-json-schema,flat-invalid-many,validate,1.2614571228027345,1.1903889923095703,1.0753446883545128,1.0483734367509152,1.1153416491914665,4,4,c3f1e13ba7c00050a94d569d3613c7d722d126208e8dd6d0497e041d6841422e,0119a433d92367d8e4a293aa73121932a040f1a3a25151348136e2e3a6b2ca07,.context/safeparse-optimization/04-singleton-type/common/results.json
04-singleton-type,common,ack-json-schema,flat-missing,validate,0.7381404190063476,0.7434113845825195,0.981675111827311,0.9420578120729424,1.3456383419767803,1,4,c3f1e13ba7c00050a94d569d3613c7d722d126208e8dd6d0497e041d6841422e,0119a433d92367d8e4a293aa73121932a040f1a3a25151348136e2e3a6b2ca07,.context/safeparse-optimization/04-singleton-type/common/results.json
04-singleton-type,common,ack-json-schema,flat-mixed,validate,1.338912338256836,1.2578907012939453,1.0685680187738036,0.981405537545747,1.1040036648412288,3,4,c3f1e13ba7c00050a94d569d3613c7d722d126208e8dd6d0497e041d6841422e,0119a433d92367d8e4a293aa73121932a040f1a3a25151348136e2e3a6b2ca07,.context/safeparse-optimization/04-singleton-type/common/results.json
04-singleton-type,common,ack-json-schema,flat-null,validate,1.4072093811035156,1.3310724792480468,1.0476451162140532,1.0355448211655545,1.1131362949136123,4,4,c3f1e13ba7c00050a94d569d3613c7d722d126208e8dd6d0497e041d6841422e,0119a433d92367d8e4a293aa73121932a040f1a3a25151348136e2e3a6b2ca07,.context/safeparse-optimization/04-singleton-type/common/results.json
04-singleton-type,common,ack-json-schema,flat-numeric-string,validate,1.42510986328125,1.3651599884033203,1.0513781609668058,1.0207374805560558,1.0728400264230884,4,4,c3f1e13ba7c00050a94d569d3613c7d722d126208e8dd6d0497e041d6841422e,0119a433d92367d8e4a293aa73121932a040f1a3a25151348136e2e3a6b2ca07,.context/safeparse-optimization/04-singleton-type/common/results.json
04-singleton-type,common,ack-json-schema,flat-unknown-key,validate,1.7530562286376954,1.7343660888671875,1.0048012944153437,0.990576185865967,1.1352007298250206,2,4,c3f1e13ba7c00050a94d569d3613c7d722d126208e8dd6d0497e041d6841422e,0119a433d92367d8e4a293aa73121932a040f1a3a25151348136e2e3a6b2ca07,.context/safeparse-optimization/04-singleton-type/common/results.json
04-singleton-type,common,ack-json-schema,flat-valid,validate,1.150540672302246,1.0703493728637696,1.074451952343808,1.040765675116921,1.1685302694526352,4,4,c3f1e13ba7c00050a94d569d3613c7d722d126208e8dd6d0497e041d6841422e,0119a433d92367d8e4a293aa73121932a040f1a3a25151348136e2e3a6b2ca07,.context/safeparse-optimization/04-singleton-type/common/results.json
04-singleton-type,common,ack-json-schema,flat-valid/construct+validate,construct+validate,14.800298095703125,13.891438720703125,1.0777315973620514,1.0299312790337412,1.1181648959163768,4,4,c3f1e13ba7c00050a94d569d3613c7d722d126208e8dd6d0497e041d6841422e,0119a433d92367d8e4a293aa73121932a040f1a3a25151348136e2e3a6b2ca07,.context/safeparse-optimization/04-singleton-type/common/results.json
04-singleton-type,common,ack-json-schema,flat-valid/decode+validate,decode+validate,1.6816781463623047,1.565694808959961,1.0805848553074253,0.9553431881979871,1.1021378335783496,3,4,c3f1e13ba7c00050a94d569d3613c7d722d126208e8dd6d0497e041d6841422e,0119a433d92367d8e4a293aa73121932a040f1a3a25151348136e2e3a6b2ca07,.context/safeparse-optimization/04-singleton-type/common/results.json
04-singleton-type,common,ack-json-schema,nested-1-valid,validate,1.281645782470703,1.1471239700317384,1.1172849921571228,1.0260072724418925,1.4735960474442056,4,4,c3f1e13ba7c00050a94d569d3613c7d722d126208e8dd6d0497e041d6841422e,0119a433d92367d8e4a293aa73121932a040f1a3a25151348136e2e3a6b2ca07,.context/safeparse-optimization/04-singleton-type/common/results.json
04-singleton-type,common,ack-json-schema,nested-50-invalid-first,validate,10.993672729492188,10.457478881835938,1.04820830591269,1.013111328959343,1.2174022174549595,4,4,c3f1e13ba7c00050a94d569d3613c7d722d126208e8dd6d0497e041d6841422e,0119a433d92367d8e4a293aa73121932a040f1a3a25151348136e2e3a6b2ca07,.context/safeparse-optimization/04-singleton-type/common/results.json
04-singleton-type,common,ack-json-schema,nested-50-invalid-last,validate,31.133443115234375,29.07323193359375,1.0709586396827573,1.0535857117622711,1.1341019720578247,4,4,c3f1e13ba7c00050a94d569d3613c7d722d126208e8dd6d0497e041d6841422e,0119a433d92367d8e4a293aa73121932a040f1a3a25151348136e2e3a6b2ca07,.context/safeparse-optimization/04-singleton-type/common/results.json
04-singleton-type,common,ack-json-schema,nested-50-invalid-many,validate,11.059931518554688,10.687642333984375,1.0569733270525605,0.9859873161119354,1.1622931332446467,3,4,c3f1e13ba7c00050a94d569d3613c7d722d126208e8dd6d0497e041d6841422e,0119a433d92367d8e4a293aa73121932a040f1a3a25151348136e2e3a6b2ca07,.context/safeparse-optimization/04-singleton-type/common/results.json
04-singleton-type,common,ack-json-schema,nested-50-valid,validate,29.61123681640625,26.974934814453125,1.1128398053197572,1.0173675807756088,1.1754440906205885,4,4,c3f1e13ba7c00050a94d569d3613c7d722d126208e8dd6d0497e041d6841422e,0119a433d92367d8e4a293aa73121932a040f1a3a25151348136e2e3a6b2ca07,.context/safeparse-optimization/04-singleton-type/common/results.json
04-singleton-type,common,ack-json-schema,nested-50-valid/construct+validate,construct+validate,48.59326171875,46.31351708984375,1.036895183899083,0.975037042629418,1.0586612007733784,3,4,c3f1e13ba7c00050a94d569d3613c7d722d126208e8dd6d0497e041d6841422e,0119a433d92367d8e4a293aa73121932a040f1a3a25151348136e2e3a6b2ca07,.context/safeparse-optimization/04-singleton-type/common/results.json
04-singleton-type,common,ack-json-schema,nested-50-valid/decode+validate,decode+validate,45.42331982421875,43.1499833984375,1.0442791155089306,0.9523903964514497,1.1637323875236576,3,4,c3f1e13ba7c00050a94d569d3613c7d722d126208e8dd6d0497e041d6841422e,0119a433d92367d8e4a293aa73121932a040f1a3a25151348136e2e3a6b2ca07,.context/safeparse-optimization/04-singleton-type/common/results.json
04-singleton-type,common,ack-json-schema,nested-500-valid,validate,298.142333984375,269.859619140625,1.1317870732713482,0.9710941305590566,1.2580402219169977,3,4,c3f1e13ba7c00050a94d569d3613c7d722d126208e8dd6d0497e041d6841422e,0119a433d92367d8e4a293aa73121932a040f1a3a25151348136e2e3a6b2ca07,.context/safeparse-optimization/04-singleton-type/common/results.json
04-singleton-type,common,ack-json-schema,string-invalid-constraint,validate,0.5197056121826172,0.5054821929931641,1.0425528832017354,0.9836332388564277,1.1106187908357825,3,4,c3f1e13ba7c00050a94d569d3613c7d722d126208e8dd6d0497e041d6841422e,0119a433d92367d8e4a293aa73121932a040f1a3a25151348136e2e3a6b2ca07,.context/safeparse-optimization/04-singleton-type/common/results.json
04-singleton-type,common,ack-json-schema,string-invalid-type,validate,0.3893610649108887,0.3808495216369629,1.0339177069136127,1.0009024561788837,1.1280761514368605,4,4,c3f1e13ba7c00050a94d569d3613c7d722d126208e8dd6d0497e041d6841422e,0119a433d92367d8e4a293aa73121932a040f1a3a25151348136e2e3a6b2ca07,.context/safeparse-optimization/04-singleton-type/common/results.json
04-singleton-type,common,ack-json-schema,string-valid,validate,0.27464206886291503,0.25950916481018066,1.046999485956095,1.0322960212259715,1.119326050979797,4,4,c3f1e13ba7c00050a94d569d3613c7d722d126208e8dd6d0497e041d6841422e,0119a433d92367d8e4a293aa73121932a040f1a3a25151348136e2e3a6b2ca07,.context/safeparse-optimization/04-singleton-type/common/results.json
04-singleton-type,common,ack-json-schema,string-valid/construct+validate,construct+validate,2.7617073364257814,3.006341278076172,0.9357550880366237,0.9051426849545202,0.9668710902852335,0,4,c3f1e13ba7c00050a94d569d3613c7d722d126208e8dd6d0497e041d6841422e,0119a433d92367d8e4a293aa73121932a040f1a3a25151348136e2e3a6b2ca07,.context/safeparse-optimization/04-singleton-type/common/results.json
04-singleton-type,scaling,ack-json-schema,nested-1-invalid-first,validate,2.6489270629882813,2.514631896972656,1.05203998226292,1.0292136695639809,1.0714525347787216,4,4,c3f1e13ba7c00050a94d569d3613c7d722d126208e8dd6d0497e041d6841422e,0119a433d92367d8e4a293aa73121932a040f1a3a25151348136e2e3a6b2ca07,.context/safeparse-optimization/04-singleton-type/scaling/results.json
04-singleton-type,scaling,ack-json-schema,nested-1-invalid-last,validate,2.6111895446777345,2.5476531677246093,1.0300817107000442,1.0219790572278349,1.1298860238809492,4,4,c3f1e13ba7c00050a94d569d3613c7d722d126208e8dd6d0497e041d6841422e,0119a433d92367d8e4a293aa73121932a040f1a3a25151348136e2e3a6b2ca07,.context/safeparse-optimization/04-singleton-type/scaling/results.json
04-singleton-type,scaling,ack-json-schema,nested-1-invalid-many,validate,2.6111170349121093,2.5707486572265625,1.0651065661712875,0.8361431730376923,1.1378861189099667,2,4,c3f1e13ba7c00050a94d569d3613c7d722d126208e8dd6d0497e041d6841422e,0119a433d92367d8e4a293aa73121932a040f1a3a25151348136e2e3a6b2ca07,.context/safeparse-optimization/04-singleton-type/scaling/results.json
04-singleton-type,scaling,ack-json-schema,nested-1-valid,validate,1.313863754272461,1.2097266464233398,1.0892134367304558,1.0173178658030084,1.2313926779622144,4,4,c3f1e13ba7c00050a94d569d3613c7d722d126208e8dd6d0497e041d6841422e,0119a433d92367d8e4a293aa73121932a040f1a3a25151348136e2e3a6b2ca07,.context/safeparse-optimization/04-singleton-type/scaling/results.json
04-singleton-type,scaling,ack-json-schema,nested-1-valid/decode+validate,decode+validate,1.892073959350586,1.7883377227783204,1.0525682524912403,0.9986270203606493,1.140493822072974,3,4,c3f1e13ba7c00050a94d569d3613c7d722d126208e8dd6d0497e041d6841422e,0119a433d92367d8e4a293aa73121932a040f1a3a25151348136e2e3a6b2ca07,.context/safeparse-optimization/04-singleton-type/scaling/results.json
04-singleton-type,scaling,ack-json-schema,nested-10-invalid-first,validate,4.566168487548828,4.5656789245605465,0.9894154447393289,0.9662655932217044,1.151486366862676,1,4,c3f1e13ba7c00050a94d569d3613c7d722d126208e8dd6d0497e041d6841422e,0119a433d92367d8e4a293aa73121932a040f1a3a25151348136e2e3a6b2ca07,.context/safeparse-optimization/04-singleton-type/scaling/results.json
04-singleton-type,scaling,ack-json-schema,nested-10-invalid-last,validate,8.054842651367187,7.689409912109375,1.0804135904854357,0.983748080089839,1.1639014722536807,3,4,c3f1e13ba7c00050a94d569d3613c7d722d126208e8dd6d0497e041d6841422e,0119a433d92367d8e4a293aa73121932a040f1a3a25151348136e2e3a6b2ca07,.context/safeparse-optimization/04-singleton-type/scaling/results.json
04-singleton-type,scaling,ack-json-schema,nested-10-invalid-many,validate,4.549441040039063,4.467082977294922,1.0106447275436299,0.9672477175347767,1.2342054646660516,2,4,c3f1e13ba7c00050a94d569d3613c7d722d126208e8dd6d0497e041d6841422e,0119a433d92367d8e4a293aa73121932a040f1a3a25151348136e2e3a6b2ca07,.context/safeparse-optimization/04-singleton-type/scaling/results.json
04-singleton-type,scaling,ack-json-schema,nested-10-valid,validate,6.681775451660156,6.357714416503907,1.0319988177835218,1.0163015351445224,1.195215297573127,4,4,c3f1e13ba7c00050a94d569d3613c7d722d126208e8dd6d0497e041d6841422e,0119a433d92367d8e4a293aa73121932a040f1a3a25151348136e2e3a6b2ca07,.context/safeparse-optimization/04-singleton-type/scaling/results.json
04-singleton-type,scaling,ack-json-schema,nested-10-valid/decode+validate,decode+validate,9.888900756835938,9.572184326171875,1.0422368546901328,0.9845545291864222,1.1055197757365933,3,4,c3f1e13ba7c00050a94d569d3613c7d722d126208e8dd6d0497e041d6841422e,0119a433d92367d8e4a293aa73121932a040f1a3a25151348136e2e3a6b2ca07,.context/safeparse-optimization/04-singleton-type/scaling/results.json
04-singleton-type,scaling,ack-json-schema,nested-100-invalid-first,validate,24.44293212890625,24.354085205078125,0.9797245758023787,0.9415083900387292,1.2689494446340766,2,4,c3f1e13ba7c00050a94d569d3613c7d722d126208e8dd6d0497e041d6841422e,0119a433d92367d8e4a293aa73121932a040f1a3a25151348136e2e3a6b2ca07,.context/safeparse-optimization/04-singleton-type/scaling/results.json
04-singleton-type,scaling,ack-json-schema,nested-100-invalid-last,validate,64.36618994140625,58.98577880859375,1.0631643002171822,1.0424988561899615,1.1658342343616892,4,4,c3f1e13ba7c00050a94d569d3613c7d722d126208e8dd6d0497e041d6841422e,0119a433d92367d8e4a293aa73121932a040f1a3a25151348136e2e3a6b2ca07,.context/safeparse-optimization/04-singleton-type/scaling/results.json
04-singleton-type,scaling,ack-json-schema,nested-100-invalid-many,validate,23.830363037109375,24.499979736328125,1.0013323823381033,0.9432917042832781,1.2325152561748483,2,4,c3f1e13ba7c00050a94d569d3613c7d722d126208e8dd6d0497e041d6841422e,0119a433d92367d8e4a293aa73121932a040f1a3a25151348136e2e3a6b2ca07,.context/safeparse-optimization/04-singleton-type/scaling/results.json
04-singleton-type,scaling,ack-json-schema,nested-100-valid,validate,61.08046435546875,58.14430712890625,1.0532597410350841,1.046591878862768,1.148516217088854,4,4,c3f1e13ba7c00050a94d569d3613c7d722d126208e8dd6d0497e041d6841422e,0119a433d92367d8e4a293aa73121932a040f1a3a25151348136e2e3a6b2ca07,.context/safeparse-optimization/04-singleton-type/scaling/results.json
04-singleton-type,scaling,ack-json-schema,nested-100-valid/decode+validate,decode+validate,90.2894287109375,86.8436279296875,1.0471700332635185,0.8793351416629881,1.0799045599090937,3,4,c3f1e13ba7c00050a94d569d3613c7d722d126208e8dd6d0497e041d6841422e,0119a433d92367d8e4a293aa73121932a040f1a3a25151348136e2e3a6b2ca07,.context/safeparse-optimization/04-singleton-type/scaling/results.json
04-singleton-type,scaling,ack-json-schema,nested-1000-invalid-first,validate,213.419921875,214.231689453125,0.9923054522004346,0.9603322871866403,1.1763587122383448,2,4,c3f1e13ba7c00050a94d569d3613c7d722d126208e8dd6d0497e041d6841422e,0119a433d92367d8e4a293aa73121932a040f1a3a25151348136e2e3a6b2ca07,.context/safeparse-optimization/04-singleton-type/scaling/results.json
04-singleton-type,scaling,ack-json-schema,nested-1000-invalid-last,validate,623.28353125,570.13574609375,1.0932019098449164,1.039558456835936,1.2897107107641246,4,4,c3f1e13ba7c00050a94d569d3613c7d722d126208e8dd6d0497e041d6841422e,0119a433d92367d8e4a293aa73121932a040f1a3a25151348136e2e3a6b2ca07,.context/safeparse-optimization/04-singleton-type/scaling/results.json
04-singleton-type,scaling,ack-json-schema,nested-1000-invalid-many,validate,211.563474609375,210.532794921875,1.0317105356554837,0.9134775607022294,1.3237629847454513,3,4,c3f1e13ba7c00050a94d569d3613c7d722d126208e8dd6d0497e041d6841422e,0119a433d92367d8e4a293aa73121932a040f1a3a25151348136e2e3a6b2ca07,.context/safeparse-optimization/04-singleton-type/scaling/results.json
04-singleton-type,scaling,ack-json-schema,nested-1000-valid,validate,610.1463203125,575.30631640625,1.0545967101568117,1.0285932972038545,1.249291549732155,4,4,c3f1e13ba7c00050a94d569d3613c7d722d126208e8dd6d0497e041d6841422e,0119a433d92367d8e4a293aa73121932a040f1a3a25151348136e2e3a6b2ca07,.context/safeparse-optimization/04-singleton-type/scaling/results.json
04-singleton-type,scaling,ack-json-schema,nested-1000-valid/decode+validate,decode+validate,892.432609375,843.88215625,1.0577370004481121,1.0115858929409447,1.1633686690361598,4,4,c3f1e13ba7c00050a94d569d3613c7d722d126208e8dd6d0497e041d6841422e,0119a433d92367d8e4a293aa73121932a040f1a3a25151348136e2e3a6b2ca07,.context/safeparse-optimization/04-singleton-type/scaling/results.json
04-singleton-type,scaling,ack-json-schema,nested-10000-invalid-first,validate,2178.993484375,2180.334640625,1.0133175843466584,0.9922088258690366,1.2594372958323927,2,4,c3f1e13ba7c00050a94d569d3613c7d722d126208e8dd6d0497e041d6841422e,0119a433d92367d8e4a293aa73121932a040f1a3a25151348136e2e3a6b2ca07,.context/safeparse-optimization/04-singleton-type/scaling/results.json
04-singleton-type,scaling,ack-json-schema,nested-10000-invalid-last,validate,6511.3854375,6087.5390625,1.0656245951511145,1.0303508432414403,1.2460900284626275,4,4,c3f1e13ba7c00050a94d569d3613c7d722d126208e8dd6d0497e041d6841422e,0119a433d92367d8e4a293aa73121932a040f1a3a25151348136e2e3a6b2ca07,.context/safeparse-optimization/04-singleton-type/scaling/results.json
04-singleton-type,scaling,ack-json-schema,nested-10000-invalid-many,validate,2114.302734375,2198.560546875,0.9798353082897072,0.9455482735869805,1.1686171329916577,1,4,c3f1e13ba7c00050a94d569d3613c7d722d126208e8dd6d0497e041d6841422e,0119a433d92367d8e4a293aa73121932a040f1a3a25151348136e2e3a6b2ca07,.context/safeparse-optimization/04-singleton-type/scaling/results.json
04-singleton-type,scaling,ack-json-schema,nested-10000-valid,validate,6635.8385625,6290.9453125,1.058959273086605,1.032517982392366,1.0799828869802899,4,4,c3f1e13ba7c00050a94d569d3613c7d722d126208e8dd6d0497e041d6841422e,0119a433d92367d8e4a293aa73121932a040f1a3a25151348136e2e3a6b2ca07,.context/safeparse-optimization/04-singleton-type/scaling/results.json
04-singleton-type,scaling,ack-json-schema,nested-10000-valid/decode+validate,decode+validate,10158.934875,9544.4323125,1.1093019771968826,1.0396410694811762,1.3063025534104806,4,4,c3f1e13ba7c00050a94d569d3613c7d722d126208e8dd6d0497e041d6841422e,0119a433d92367d8e4a293aa73121932a040f1a3a25151348136e2e3a6b2ca07,.context/safeparse-optimization/04-singleton-type/scaling/results.json
final-comparison,common,ack,flat-invalid-first,validate,1.5219675750732422,1.5570780334472656,0.9698116884922892,0.9499330222700154,1.0457557207007935,1,4,c3f1e13ba7c00050a94d569d3613c7d722d126208e8dd6d0497e041d6841422e,371506aab474a021b763ef5589b20379a5ef56b03c4dcaf322cec220eb06a2d5,.context/safeparse-optimization/final-comparison/common/results.json
final-comparison,common,ack,flat-invalid-last,validate,1.2971960754394531,1.2830524444580078,1.0182007970547633,0.955020072224112,1.075360258450555,3,4,c3f1e13ba7c00050a94d569d3613c7d722d126208e8dd6d0497e041d6841422e,371506aab474a021b763ef5589b20379a5ef56b03c4dcaf322cec220eb06a2d5,.context/safeparse-optimization/final-comparison/common/results.json
final-comparison,common,ack,flat-invalid-many,validate,1.7647349090576172,1.862716049194336,0.961227910456735,0.7651985407961812,0.9910553230755216,0,4,c3f1e13ba7c00050a94d569d3613c7d722d126208e8dd6d0497e041d6841422e,371506aab474a021b763ef5589b20379a5ef56b03c4dcaf322cec220eb06a2d5,.context/safeparse-optimization/final-comparison/common/results.json
final-comparison,common,ack,flat-missing,validate,2.08619563293457,2.102320999145508,1.0004981355591795,0.9845025130755057,1.0155697523813687,2,4,c3f1e13ba7c00050a94d569d3613c7d722d126208e8dd6d0497e041d6841422e,371506aab474a021b763ef5589b20379a5ef56b03c4dcaf322cec220eb06a2d5,.context/safeparse-optimization/final-comparison/common/results.json
final-comparison,common,ack,flat-mixed,validate,1.4633165893554687,1.507047637939453,0.9711783834143425,0.9476050528016438,0.9840925393310772,0,4,c3f1e13ba7c00050a94d569d3613c7d722d126208e8dd6d0497e041d6841422e,371506aab474a021b763ef5589b20379a5ef56b03c4dcaf322cec220eb06a2d5,.context/safeparse-optimization/final-comparison/common/results.json
final-comparison,common,ack,flat-null,validate,1.4629808959960937,1.4577585906982422,1.0144517795561974,0.9492216643607455,1.0580561520074545,2,4,c3f1e13ba7c00050a94d569d3613c7d722d126208e8dd6d0497e041d6841422e,371506aab474a021b763ef5589b20379a5ef56b03c4dcaf322cec220eb06a2d5,.context/safeparse-optimization/final-comparison/common/results.json
final-comparison,common,ack,flat-numeric-string,validate,1.3434327545166016,1.307779312133789,1.0061616284272874,0.9584005675418027,1.0750419353965777,2,4,c3f1e13ba7c00050a94d569d3613c7d722d126208e8dd6d0497e041d6841422e,371506aab474a021b763ef5589b20379a5ef56b03c4dcaf322cec220eb06a2d5,.context/safeparse-optimization/final-comparison/common/results.json
final-comparison,common,ack,flat-unknown-key,validate,1.5070088806152344,1.5419642181396485,0.9798999846982022,0.9412796315691248,1.0252515621574922,1,4,c3f1e13ba7c00050a94d569d3613c7d722d126208e8dd6d0497e041d6841422e,371506aab474a021b763ef5589b20379a5ef56b03c4dcaf322cec220eb06a2d5,.context/safeparse-optimization/final-comparison/common/results.json
final-comparison,common,ack,flat-valid,validate,1.3751939239501954,1.367685317993164,1.0149222963241953,0.9824163867089211,1.0328858944893429,3,4,c3f1e13ba7c00050a94d569d3613c7d722d126208e8dd6d0497e041d6841422e,371506aab474a021b763ef5589b20379a5ef56b03c4dcaf322cec220eb06a2d5,.context/safeparse-optimization/final-comparison/common/results.json
final-comparison,common,ack,flat-valid/construct+validate,construct+validate,4.046520233154297,4.164338439941406,0.9695833177414295,0.9509690715622077,1.0161850695937313,1,4,c3f1e13ba7c00050a94d569d3613c7d722d126208e8dd6d0497e041d6841422e,371506aab474a021b763ef5589b20379a5ef56b03c4dcaf322cec220eb06a2d5,.context/safeparse-optimization/final-comparison/common/results.json
final-comparison,common,ack,flat-valid/decode+validate,decode+validate,1.8677705078125,1.8819153900146484,0.992487327059645,0.9227804078442008,1.034398979612829,1,4,c3f1e13ba7c00050a94d569d3613c7d722d126208e8dd6d0497e041d6841422e,371506aab474a021b763ef5589b20379a5ef56b03c4dcaf322cec220eb06a2d5,.context/safeparse-optimization/final-comparison/common/results.json
final-comparison,common,ack,nested-1-valid,validate,1.3079229888916015,1.29681396484375,1.0017711395236566,0.978803119949052,1.067837680711199,2,4,c3f1e13ba7c00050a94d569d3613c7d722d126208e8dd6d0497e041d6841422e,371506aab474a021b763ef5589b20379a5ef56b03c4dcaf322cec220eb06a2d5,.context/safeparse-optimization/final-comparison/common/results.json
final-comparison,common,ack,nested-50-invalid-first,validate,33.20001220703125,33.87710595703125,0.9722888766003491,0.9358089422497979,1.0413754387571346,1,4,c3f1e13ba7c00050a94d569d3613c7d722d126208e8dd6d0497e041d6841422e,371506aab474a021b763ef5589b20379a5ef56b03c4dcaf322cec220eb06a2d5,.context/safeparse-optimization/final-comparison/common/results.json
final-comparison,common,ack,nested-50-invalid-last,validate,33.755716796875,32.513865234375,1.0484238624268407,0.987305980116636,1.0670565044938745,3,4,c3f1e13ba7c00050a94d569d3613c7d722d126208e8dd6d0497e041d6841422e,371506aab474a021b763ef5589b20379a5ef56b03c4dcaf322cec220eb06a2d5,.context/safeparse-optimization/final-comparison/common/results.json
final-comparison,common,ack,nested-50-invalid-many,validate,46.07206201171875,47.06075048828125,0.9891437300223308,0.9439276680356268,1.013212625648887,2,4,c3f1e13ba7c00050a94d569d3613c7d722d126208e8dd6d0497e041d6841422e,371506aab474a021b763ef5589b20379a5ef56b03c4dcaf322cec220eb06a2d5,.context/safeparse-optimization/final-comparison/common/results.json
final-comparison,common,ack,nested-50-valid,validate,33.6911923828125,31.8366904296875,1.0704506282124382,0.9616709567886295,1.1001117508092306,3,4,c3f1e13ba7c00050a94d569d3613c7d722d126208e8dd6d0497e041d6841422e,371506aab474a021b763ef5589b20379a5ef56b03c4dcaf322cec220eb06a2d5,.context/safeparse-optimization/final-comparison/common/results.json
final-comparison,common,ack,nested-50-valid/construct+validate,construct+validate,37.18442797851562,35.46632885742188,1.0356016965316304,0.9992265403533472,1.0832221105243336,3,4,c3f1e13ba7c00050a94d569d3613c7d722d126208e8dd6d0497e041d6841422e,371506aab474a021b763ef5589b20379a5ef56b03c4dcaf322cec220eb06a2d5,.context/safeparse-optimization/final-comparison/common/results.json
final-comparison,common,ack,nested-50-valid/decode+validate,decode+validate,49.2426552734375,49.09545849609375,0.9984160555912351,0.9663017472219892,1.0246142116049817,2,4,c3f1e13ba7c00050a94d569d3613c7d722d126208e8dd6d0497e041d6841422e,371506aab474a021b763ef5589b20379a5ef56b03c4dcaf322cec220eb06a2d5,.context/safeparse-optimization/final-comparison/common/results.json
final-comparison,common,ack,nested-500-valid,validate,335.76904296875,327.272140625,1.014069031776745,1.003280454668552,1.0576332655241227,4,4,c3f1e13ba7c00050a94d569d3613c7d722d126208e8dd6d0497e041d6841422e,371506aab474a021b763ef5589b20379a5ef56b03c4dcaf322cec220eb06a2d5,.context/safeparse-optimization/final-comparison/common/results.json
final-comparison,common,ack,string-invalid-constraint,validate,0.5232790336608887,0.5178836212158203,1.0150298881173963,0.9817450472422452,1.0398359508218498,2,4,c3f1e13ba7c00050a94d569d3613c7d722d126208e8dd6d0497e041d6841422e,371506aab474a021b763ef5589b20379a5ef56b03c4dcaf322cec220eb06a2d5,.context/safeparse-optimization/final-comparison/common/results.json
final-comparison,common,ack,string-invalid-type,validate,0.13783180809020995,0.14309724235534668,0.965985241903627,0.9382839422621173,0.9994132938538787,0,4,c3f1e13ba7c00050a94d569d3613c7d722d126208e8dd6d0497e041d6841422e,371506aab474a021b763ef5589b20379a5ef56b03c4dcaf322cec220eb06a2d5,.context/safeparse-optimization/final-comparison/common/results.json
final-comparison,common,ack,string-valid,validate,0.2982066478729248,0.30122478866577146,0.993199924932175,0.8937335569775858,1.0041570997906542,1,4,c3f1e13ba7c00050a94d569d3613c7d722d126208e8dd6d0497e041d6841422e,371506aab474a021b763ef5589b20379a5ef56b03c4dcaf322cec220eb06a2d5,.context/safeparse-optimization/final-comparison/common/results.json
final-comparison,common,ack,string-valid/construct+validate,construct+validate,0.9693460464477539,0.9814370498657227,0.9845077493196234,0.9418036890807555,1.0657972481301028,2,4,c3f1e13ba7c00050a94d569d3613c7d722d126208e8dd6d0497e041d6841422e,371506aab474a021b763ef5589b20379a5ef56b03c4dcaf322cec220eb06a2d5,.context/safeparse-optimization/final-comparison/common/results.json
final-comparison,common,ack-json-schema,flat-invalid-first,validate,1.2229023056030273,1.17159716796875,1.0247025221329427,1.013558079535429,1.070919829339043,4,4,c3f1e13ba7c00050a94d569d3613c7d722d126208e8dd6d0497e041d6841422e,371506aab474a021b763ef5589b20379a5ef56b03c4dcaf322cec220eb06a2d5,.context/safeparse-optimization/final-comparison/common/results.json
final-comparison,common,ack-json-schema,flat-invalid-last,validate,1.86256982421875,1.7941474914550781,1.0355076027493988,0.9958470682237643,1.0512348024254279,3,4,c3f1e13ba7c00050a94d569d3613c7d722d126208e8dd6d0497e041d6841422e,371506aab474a021b763ef5589b20379a5ef56b03c4dcaf322cec220eb06a2d5,.context/safeparse-optimization/final-comparison/common/results.json
final-comparison,common,ack-json-schema,flat-invalid-many,validate,1.1990502624511719,1.1583608016967772,1.0274965101303137,1.004694718345943,1.0565089829285612,4,4,c3f1e13ba7c00050a94d569d3613c7d722d126208e8dd6d0497e041d6841422e,371506aab474a021b763ef5589b20379a5ef56b03c4dcaf322cec220eb06a2d5,.context/safeparse-optimization/final-comparison/common/results.json
final-comparison,common,ack-json-schema,flat-missing,validate,0.7237151489257813,0.6923408584594727,1.0346266122717829,0.9828772269111347,1.0482463478084296,3,4,c3f1e13ba7c00050a94d569d3613c7d722d126208e8dd6d0497e041d6841422e,371506aab474a021b763ef5589b20379a5ef56b03c4dcaf322cec220eb06a2d5,.context/safeparse-optimization/final-comparison/common/results.json
final-comparison,common,ack-json-schema,flat-mixed,validate,1.2493915557861328,1.1714859085083007,1.0600941807420161,1.0403838999857384,1.0963301879869018,4,4,c3f1e13ba7c00050a94d569d3613c7d722d126208e8dd6d0497e041d6841422e,371506aab474a021b763ef5589b20379a5ef56b03c4dcaf322cec220eb06a2d5,.context/safeparse-optimization/final-comparison/common/results.json
final-comparison,common,ack-json-schema,flat-null,validate,1.360277816772461,1.3037904052734375,1.037057090555547,1.0049288982098454,1.0615535598256656,4,4,c3f1e13ba7c00050a94d569d3613c7d722d126208e8dd6d0497e041d6841422e,371506aab474a021b763ef5589b20379a5ef56b03c4dcaf322cec220eb06a2d5,.context/safeparse-optimization/final-comparison/common/results.json
final-comparison,common,ack-json-schema,flat-numeric-string,validate,1.3295574188232422,1.2930679321289062,1.0209061399116697,1.0102134999336598,1.0819424476341608,4,4,c3f1e13ba7c00050a94d569d3613c7d722d126208e8dd6d0497e041d6841422e,371506aab474a021b763ef5589b20379a5ef56b03c4dcaf322cec220eb06a2d5,.context/safeparse-optimization/final-comparison/common/results.json
final-comparison,common,ack-json-schema,flat-unknown-key,validate,1.7966829986572266,1.6205024871826172,1.1087386841146607,1.0560213678332908,1.1863296618155295,4,4,c3f1e13ba7c00050a94d569d3613c7d722d126208e8dd6d0497e041d6841422e,371506aab474a021b763ef5589b20379a5ef56b03c4dcaf322cec220eb06a2d5,.context/safeparse-optimization/final-comparison/common/results.json
final-comparison,common,ack-json-schema,flat-valid,validate,1.1099271774291992,1.0669501571655273,1.0586690080838213,1.0170116578172779,1.0729065519297964,4,4,c3f1e13ba7c00050a94d569d3613c7d722d126208e8dd6d0497e041d6841422e,371506aab474a021b763ef5589b20379a5ef56b03c4dcaf322cec220eb06a2d5,.context/safeparse-optimization/final-comparison/common/results.json
final-comparison,common,ack-json-schema,flat-valid/construct+validate,construct+validate,13.748336791992188,13.769180419921875,1.0122324296515706,0.9505431789409922,1.0984579396370653,3,4,c3f1e13ba7c00050a94d569d3613c7d722d126208e8dd6d0497e041d6841422e,371506aab474a021b763ef5589b20379a5ef56b03c4dcaf322cec220eb06a2d5,.context/safeparse-optimization/final-comparison/common/results.json
final-comparison,common,ack-json-schema,flat-valid/decode+validate,decode+validate,1.6362978515625,1.5629037170410156,1.039808612579467,1.0007437384067048,1.1522771137671355,4,4,c3f1e13ba7c00050a94d569d3613c7d722d126208e8dd6d0497e041d6841422e,371506aab474a021b763ef5589b20379a5ef56b03c4dcaf322cec220eb06a2d5,.context/safeparse-optimization/final-comparison/common/results.json
final-comparison,common,ack-json-schema,nested-1-valid,validate,1.1997674255371094,1.136122703552246,1.0543369147697814,1.0380585117247798,1.0825829173963437,4,4,c3f1e13ba7c00050a94d569d3613c7d722d126208e8dd6d0497e041d6841422e,371506aab474a021b763ef5589b20379a5ef56b03c4dcaf322cec220eb06a2d5,.context/safeparse-optimization/final-comparison/common/results.json
final-comparison,common,ack-json-schema,nested-50-invalid-first,validate,10.410863159179687,10.20263671875,1.0180352306963703,0.9993335024423505,1.0712178693267185,3,4,c3f1e13ba7c00050a94d569d3613c7d722d126208e8dd6d0497e041d6841422e,371506aab474a021b763ef5589b20379a5ef56b03c4dcaf322cec220eb06a2d5,.context/safeparse-optimization/final-comparison/common/results.json
final-comparison,common,ack-json-schema,nested-50-invalid-last,validate,29.88326025390625,28.145721435546875,1.0618629831470674,1.0605146748524088,1.0887717910083419,4,4,c3f1e13ba7c00050a94d569d3613c7d722d126208e8dd6d0497e041d6841422e,371506aab474a021b763ef5589b20379a5ef56b03c4dcaf322cec220eb06a2d5,.context/safeparse-optimization/final-comparison/common/results.json
final-comparison,common,ack-json-schema,nested-50-invalid-many,validate,10.656087280273438,10.342747924804687,1.016390565460069,1.0001519513208932,1.0587904524786385,4,4,c3f1e13ba7c00050a94d569d3613c7d722d126208e8dd6d0497e041d6841422e,371506aab474a021b763ef5589b20379a5ef56b03c4dcaf322cec220eb06a2d5,.context/safeparse-optimization/final-comparison/common/results.json
final-comparison,common,ack-json-schema,nested-50-valid,validate,28.44317626953125,26.35802197265625,1.0698770126766117,1.036859042930527,1.1209549185101026,4,4,c3f1e13ba7c00050a94d569d3613c7d722d126208e8dd6d0497e041d6841422e,371506aab474a021b763ef5589b20379a5ef56b03c4dcaf322cec220eb06a2d5,.context/safeparse-optimization/final-comparison/common/results.json
final-comparison,common,ack-json-schema,nested-50-valid/construct+validate,construct+validate,47.67679833984375,45.33829736328125,1.051191193273868,1.0406530925445352,1.0654262922903632,4,4,c3f1e13ba7c00050a94d569d3613c7d722d126208e8dd6d0497e041d6841422e,371506aab474a021b763ef5589b20379a5ef56b03c4dcaf322cec220eb06a2d5,.context/safeparse-optimization/final-comparison/common/results.json
final-comparison,common,ack-json-schema,nested-50-valid/decode+validate,decode+validate,44.49151611328125,42.78743505859375,1.051770593851919,1.0236378654823404,1.0561616786888253,4,4,c3f1e13ba7c00050a94d569d3613c7d722d126208e8dd6d0497e041d6841422e,371506aab474a021b763ef5589b20379a5ef56b03c4dcaf322cec220eb06a2d5,.context/safeparse-optimization/final-comparison/common/results.json
final-comparison,common,ack-json-schema,nested-500-valid,validate,283.004150390625,259.4291171875,1.0766645262611223,1.0585335570278473,1.1396208185814125,4,4,c3f1e13ba7c00050a94d569d3613c7d722d126208e8dd6d0497e041d6841422e,371506aab474a021b763ef5589b20379a5ef56b03c4dcaf322cec220eb06a2d5,.context/safeparse-optimization/final-comparison/common/results.json
final-comparison,common,ack-json-schema,string-invalid-constraint,validate,0.505776725769043,0.49889135360717773,1.0011088213878552,0.9919252818689449,1.0452105930752884,2,4,c3f1e13ba7c00050a94d569d3613c7d722d126208e8dd6d0497e041d6841422e,371506aab474a021b763ef5589b20379a5ef56b03c4dcaf322cec220eb06a2d5,.context/safeparse-optimization/final-comparison/common/results.json
final-comparison,common,ack-json-schema,string-invalid-type,validate,0.38295841217041016,0.3848573341369629,1.01919391956293,0.9715768541689682,1.0683778961252697,2,4,c3f1e13ba7c00050a94d569d3613c7d722d126208e8dd6d0497e041d6841422e,371506aab474a021b763ef5589b20379a5ef56b03c4dcaf322cec220eb06a2d5,.context/safeparse-optimization/final-comparison/common/results.json
final-comparison,common,ack-json-schema,string-valid,validate,0.2728222999572754,0.2587391529083252,1.0509073179613582,1.02292816001237,1.092217302452316,4,4,c3f1e13ba7c00050a94d569d3613c7d722d126208e8dd6d0497e041d6841422e,371506aab474a021b763ef5589b20379a5ef56b03c4dcaf322cec220eb06a2d5,.context/safeparse-optimization/final-comparison/common/results.json
final-comparison,common,ack-json-schema,string-valid/construct+validate,construct+validate,2.700453430175781,2.675329833984375,1.007587289488689,0.9753515348542797,1.0682553814714515,3,4,c3f1e13ba7c00050a94d569d3613c7d722d126208e8dd6d0497e041d6841422e,371506aab474a021b763ef5589b20379a5ef56b03c4dcaf322cec220eb06a2d5,.context/safeparse-optimization/final-comparison/common/results.json
final-comparison,scaling,ack,nested-1-invalid-first,validate,1.5442670135498047,1.5200875701904297,1.0255419517274638,0.9663287359660598,1.1023523272138895,2,4,c3f1e13ba7c00050a94d569d3613c7d722d126208e8dd6d0497e041d6841422e,371506aab474a021b763ef5589b20379a5ef56b03c4dcaf322cec220eb06a2d5,.context/safeparse-optimization/final-comparison/scaling/results.json
final-comparison,scaling,ack,nested-1-invalid-last,validate,1.5204620361328125,1.451202392578125,1.0447516559052419,0.9633089558535713,1.1541498248843172,3,4,c3f1e13ba7c00050a94d569d3613c7d722d126208e8dd6d0497e041d6841422e,371506aab474a021b763ef5589b20379a5ef56b03c4dcaf322cec220eb06a2d5,.context/safeparse-optimization/final-comparison/scaling/results.json
final-comparison,scaling,ack,nested-1-invalid-many,validate,1.5470059814453125,1.4982286987304687,1.063991331090583,0.9313303954768885,1.0768252882342426,3,4,c3f1e13ba7c00050a94d569d3613c7d722d126208e8dd6d0497e041d6841422e,371506aab474a021b763ef5589b20379a5ef56b03c4dcaf322cec220eb06a2d5,.context/safeparse-optimization/final-comparison/scaling/results.json
final-comparison,scaling,ack,nested-1-valid,validate,1.3435529022216797,1.3334064483642578,1.0410431348057818,0.9611409118134585,1.066038169472672,3,4,c3f1e13ba7c00050a94d569d3613c7d722d126208e8dd6d0497e041d6841422e,371506aab474a021b763ef5589b20379a5ef56b03c4dcaf322cec220eb06a2d5,.context/safeparse-optimization/final-comparison/scaling/results.json
final-comparison,scaling,ack,nested-1-valid/decode+validate,decode+validate,1.8706620635986329,1.851996109008789,1.0104872176401667,0.9283982741157332,1.1090008250434953,2,4,c3f1e13ba7c00050a94d569d3613c7d722d126208e8dd6d0497e041d6841422e,371506aab474a021b763ef5589b20379a5ef56b03c4dcaf322cec220eb06a2d5,.context/safeparse-optimization/final-comparison/scaling/results.json
final-comparison,scaling,ack,nested-10-invalid-first,validate,7.925196350097656,7.650423706054688,1.0363098144879686,0.9815545228732304,1.1814307182240802,3,4,c3f1e13ba7c00050a94d569d3613c7d722d126208e8dd6d0497e041d6841422e,371506aab474a021b763ef5589b20379a5ef56b03c4dcaf322cec220eb06a2d5,.context/safeparse-optimization/final-comparison/scaling/results.json
final-comparison,scaling,ack,nested-10-invalid-last,validate,7.674379943847656,7.397450805664063,1.0784060799520456,0.9701129408648022,1.0851485933214071,3,4,c3f1e13ba7c00050a94d569d3613c7d722d126208e8dd6d0497e041d6841422e,371506aab474a021b763ef5589b20379a5ef56b03c4dcaf322cec220eb06a2d5,.context/safeparse-optimization/final-comparison/scaling/results.json
final-comparison,scaling,ack,nested-10-invalid-many,validate,10.404073120117188,9.838241516113282,1.052524146395563,0.968546431435445,1.1599462797295086,3,4,c3f1e13ba7c00050a94d569d3613c7d722d126208e8dd6d0497e041d6841422e,371506aab474a021b763ef5589b20379a5ef56b03c4dcaf322cec220eb06a2d5,.context/safeparse-optimization/final-comparison/scaling/results.json
final-comparison,scaling,ack,nested-10-valid,validate,7.423675537109375,7.15399169921875,1.0368372166547672,0.937381130059678,1.154314281483675,3,4,c3f1e13ba7c00050a94d569d3613c7d722d126208e8dd6d0497e041d6841422e,371506aab474a021b763ef5589b20379a5ef56b03c4dcaf322cec220eb06a2d5,.context/safeparse-optimization/final-comparison/scaling/results.json
final-comparison,scaling,ack,nested-10-valid/decode+validate,decode+validate,11.081354736328125,10.509674194335938,1.0556951298186927,0.991367595994368,1.1115372899171074,3,4,c3f1e13ba7c00050a94d569d3613c7d722d126208e8dd6d0497e041d6841422e,371506aab474a021b763ef5589b20379a5ef56b03c4dcaf322cec220eb06a2d5,.context/safeparse-optimization/final-comparison/scaling/results.json
final-comparison,scaling,ack,nested-100-invalid-first,validate,70.7304072265625,66.40252685546875,1.0656931119155493,1.0226505826056396,1.199353409172528,4,4,c3f1e13ba7c00050a94d569d3613c7d722d126208e8dd6d0497e041d6841422e,371506aab474a021b763ef5589b20379a5ef56b03c4dcaf322cec220eb06a2d5,.context/safeparse-optimization/final-comparison/scaling/results.json
final-comparison,scaling,ack,nested-100-invalid-last,validate,71.750833984375,68.50691796875,1.0498510540763153,0.9735882784924709,1.1862509033526665,3,4,c3f1e13ba7c00050a94d569d3613c7d722d126208e8dd6d0497e041d6841422e,371506aab474a021b763ef5589b20379a5ef56b03c4dcaf322cec220eb06a2d5,.context/safeparse-optimization/final-comparison/scaling/results.json
final-comparison,scaling,ack,nested-100-invalid-many,validate,101.2836923828125,95.6809892578125,1.0662715187451521,1.0381568354004866,1.1636516325165585,4,4,c3f1e13ba7c00050a94d569d3613c7d722d126208e8dd6d0497e041d6841422e,371506aab474a021b763ef5589b20379a5ef56b03c4dcaf322cec220eb06a2d5,.context/safeparse-optimization/final-comparison/scaling/results.json
final-comparison,scaling,ack,nested-100-valid,validate,70.37839794921875,68.44510888671876,1.0382857361854898,1.0002281229805858,1.1775337782835584,4,4,c3f1e13ba7c00050a94d569d3613c7d722d126208e8dd6d0497e041d6841422e,371506aab474a021b763ef5589b20379a5ef56b03c4dcaf322cec220eb06a2d5,.context/safeparse-optimization/final-comparison/scaling/results.json
final-comparison,scaling,ack,nested-100-valid/decode+validate,decode+validate,102.9077138671875,99.53759765625,1.023883556446922,0.9477511030863875,1.1270309081952108,3,4,c3f1e13ba7c00050a94d569d3613c7d722d126208e8dd6d0497e041d6841422e,371506aab474a021b763ef5589b20379a5ef56b03c4dcaf322cec220eb06a2d5,.context/safeparse-optimization/final-comparison/scaling/results.json
final-comparison,scaling,ack,nested-1000-invalid-first,validate,690.541015625,678.810875,1.0303519942706882,0.9823418373780188,1.0761651182206209,3,4,c3f1e13ba7c00050a94d569d3613c7d722d126208e8dd6d0497e041d6841422e,371506aab474a021b763ef5589b20379a5ef56b03c4dcaf322cec220eb06a2d5,.context/safeparse-optimization/final-comparison/scaling/results.json
final-comparison,scaling,ack,nested-1000-invalid-last,validate,705.21028125,660.5247421875,1.067740968262171,0.9386709718304872,1.1474247250435723,3,4,c3f1e13ba7c00050a94d569d3613c7d722d126208e8dd6d0497e041d6841422e,371506aab474a021b763ef5589b20379a5ef56b03c4dcaf322cec220eb06a2d5,.context/safeparse-optimization/final-comparison/scaling/results.json
final-comparison,scaling,ack,nested-1000-invalid-many,validate,1031.666015625,1019.4710234375,1.0044766278353012,0.9874025654673994,1.1819013012981738,3,4,c3f1e13ba7c00050a94d569d3613c7d722d126208e8dd6d0497e041d6841422e,371506aab474a021b763ef5589b20379a5ef56b03c4dcaf322cec220eb06a2d5,.context/safeparse-optimization/final-comparison/scaling/results.json
final-comparison,scaling,ack,nested-1000-valid,validate,705.4261015625,677.8473359375,1.0290033731690116,0.9719223464689708,1.1227581559888116,2,4,c3f1e13ba7c00050a94d569d3613c7d722d126208e8dd6d0497e041d6841422e,371506aab474a021b763ef5589b20379a5ef56b03c4dcaf322cec220eb06a2d5,.context/safeparse-optimization/final-comparison/scaling/results.json
final-comparison,scaling,ack,nested-1000-valid/decode+validate,decode+validate,1020.59375,965.614265625,1.0674052239437062,0.9614726014772362,1.093918735867483,3,4,c3f1e13ba7c00050a94d569d3613c7d722d126208e8dd6d0497e041d6841422e,371506aab474a021b763ef5589b20379a5ef56b03c4dcaf322cec220eb06a2d5,.context/safeparse-optimization/final-comparison/scaling/results.json
final-comparison,scaling,ack,nested-10000-invalid-first,validate,7436.3931875,7140.3073125,1.0461590603327795,0.9634251749768505,1.0892061140962244,3,4,c3f1e13ba7c00050a94d569d3613c7d722d126208e8dd6d0497e041d6841422e,371506aab474a021b763ef5589b20379a5ef56b03c4dcaf322cec220eb06a2d5,.context/safeparse-optimization/final-comparison/scaling/results.json
final-comparison,scaling,ack,nested-10000-invalid-last,validate,7786.67975,7555.046875,1.0397208802819613,0.9488431467649626,1.151258361924284,3,4,c3f1e13ba7c00050a94d569d3613c7d722d126208e8dd6d0497e041d6841422e,371506aab474a021b763ef5589b20379a5ef56b03c4dcaf322cec220eb06a2d5,.context/safeparse-optimization/final-comparison/scaling/results.json
final-comparison,scaling,ack,nested-10000-invalid-many,validate,21105.052,20655.276125,1.0045930710227384,0.9543143216973685,1.07489389516473,2,4,c3f1e13ba7c00050a94d569d3613c7d722d126208e8dd6d0497e041d6841422e,371506aab474a021b763ef5589b20379a5ef56b03c4dcaf322cec220eb06a2d5,.context/safeparse-optimization/final-comparison/scaling/results.json
final-comparison,scaling,ack,nested-10000-valid,validate,8562.84375,8144.8698125,1.0443369866426964,0.9696954289693765,1.177160012807554,3,4,c3f1e13ba7c00050a94d569d3613c7d722d126208e8dd6d0497e041d6841422e,371506aab474a021b763ef5589b20379a5ef56b03c4dcaf322cec220eb06a2d5,.context/safeparse-optimization/final-comparison/scaling/results.json
final-comparison,scaling,ack,nested-10000-valid/decode+validate,decode+validate,12374.125,12443.020875,0.9904203473330597,0.9054076788695568,1.1212261058214388,2,4,c3f1e13ba7c00050a94d569d3613c7d722d126208e8dd6d0497e041d6841422e,371506aab474a021b763ef5589b20379a5ef56b03c4dcaf322cec220eb06a2d5,.context/safeparse-optimization/final-comparison/scaling/results.json
final-comparison,scaling,ack-json-schema,nested-1-invalid-first,validate,2.50243376159668,2.459271759033203,1.025638801606704,0.9869632813810325,1.1078670299009918,3,4,c3f1e13ba7c00050a94d569d3613c7d722d126208e8dd6d0497e041d6841422e,371506aab474a021b763ef5589b20379a5ef56b03c4dcaf322cec220eb06a2d5,.context/safeparse-optimization/final-comparison/scaling/results.json
final-comparison,scaling,ack-json-schema,nested-1-invalid-last,validate,2.5098902282714843,2.4809748382568357,1.0055253242149869,0.930211224678018,1.0438553776312927,2,4,c3f1e13ba7c00050a94d569d3613c7d722d126208e8dd6d0497e041d6841422e,371506aab474a021b763ef5589b20379a5ef56b03c4dcaf322cec220eb06a2d5,.context/safeparse-optimization/final-comparison/scaling/results.json
final-comparison,scaling,ack-json-schema,nested-1-invalid-many,validate,2.522247314453125,2.418524444580078,1.0306467251004174,1.0109730579059284,1.062175459282057,4,4,c3f1e13ba7c00050a94d569d3613c7d722d126208e8dd6d0497e041d6841422e,371506aab474a021b763ef5589b20379a5ef56b03c4dcaf322cec220eb06a2d5,.context/safeparse-optimization/final-comparison/scaling/results.json
final-comparison,scaling,ack-json-schema,nested-1-valid,validate,1.2105083465576172,1.1872466430664061,1.013335841383752,0.9368822749213421,1.061635281748211,3,4,c3f1e13ba7c00050a94d569d3613c7d722d126208e8dd6d0497e041d6841422e,371506aab474a021b763ef5589b20379a5ef56b03c4dcaf322cec220eb06a2d5,.context/safeparse-optimization/final-comparison/scaling/results.json
final-comparison,scaling,ack-json-schema,nested-1-valid/decode+validate,decode+validate,1.8122304229736328,1.7706534118652344,1.0245126990119513,0.8827103156197648,1.0922170884976574,3,4,c3f1e13ba7c00050a94d569d3613c7d722d126208e8dd6d0497e041d6841422e,371506aab474a021b763ef5589b20379a5ef56b03c4dcaf322cec220eb06a2d5,.context/safeparse-optimization/final-comparison/scaling/results.json
final-comparison,scaling,ack-json-schema,nested-10-invalid-first,validate,4.318600982666015,4.406917572021484,0.9685028729163561,0.942063789088639,1.0278643405400423,1,4,c3f1e13ba7c00050a94d569d3613c7d722d126208e8dd6d0497e041d6841422e,371506aab474a021b763ef5589b20379a5ef56b03c4dcaf322cec220eb06a2d5,.context/safeparse-optimization/final-comparison/scaling/results.json
final-comparison,scaling,ack-json-schema,nested-10-invalid-last,validate,7.594851135253906,7.357226013183594,1.0325604789938656,0.9426359055824698,1.1180003328207966,3,4,c3f1e13ba7c00050a94d569d3613c7d722d126208e8dd6d0497e041d6841422e,371506aab474a021b763ef5589b20379a5ef56b03c4dcaf322cec220eb06a2d5,.context/safeparse-optimization/final-comparison/scaling/results.json
final-comparison,scaling,ack-json-schema,nested-10-invalid-many,validate,4.277389556884765,4.458202362060547,0.9594362730293307,0.8225689498899391,0.9907804374184529,0,4,c3f1e13ba7c00050a94d569d3613c7d722d126208e8dd6d0497e041d6841422e,371506aab474a021b763ef5589b20379a5ef56b03c4dcaf322cec220eb06a2d5,.context/safeparse-optimization/final-comparison/scaling/results.json
final-comparison,scaling,ack-json-schema,nested-10-valid,validate,6.564585327148437,6.231376647949219,1.0538914835118687,0.8828777249768931,1.138227747307718,3,4,c3f1e13ba7c00050a94d569d3613c7d722d126208e8dd6d0497e041d6841422e,371506aab474a021b763ef5589b20379a5ef56b03c4dcaf322cec220eb06a2d5,.context/safeparse-optimization/final-comparison/scaling/results.json
final-comparison,scaling,ack-json-schema,nested-10-valid/decode+validate,decode+validate,9.660560607910156,9.283330200195312,1.0411393302520957,0.8854812937245927,1.1096045416334126,3,4,c3f1e13ba7c00050a94d569d3613c7d722d126208e8dd6d0497e041d6841422e,371506aab474a021b763ef5589b20379a5ef56b03c4dcaf322cec220eb06a2d5,.context/safeparse-optimization/final-comparison/scaling/results.json
final-comparison,scaling,ack-json-schema,nested-100-invalid-first,validate,23.061828857421876,23.327178955078125,0.9900985657449226,0.7905922168626008,1.0727775520374132,2,4,c3f1e13ba7c00050a94d569d3613c7d722d126208e8dd6d0497e041d6841422e,371506aab474a021b763ef5589b20379a5ef56b03c4dcaf322cec220eb06a2d5,.context/safeparse-optimization/final-comparison/scaling/results.json
final-comparison,scaling,ack-json-schema,nested-100-invalid-last,validate,61.09114599609375,59.52101611328125,1.0261251865434453,0.9439559937178621,1.120378362855416,2,4,c3f1e13ba7c00050a94d569d3613c7d722d126208e8dd6d0497e041d6841422e,371506aab474a021b763ef5589b20379a5ef56b03c4dcaf322cec220eb06a2d5,.context/safeparse-optimization/final-comparison/scaling/results.json
final-comparison,scaling,ack-json-schema,nested-100-invalid-many,validate,23.293691162109376,22.66694140625,1.0284862385715217,0.7920465434573138,1.0410745922736095,3,4,c3f1e13ba7c00050a94d569d3613c7d722d126208e8dd6d0497e041d6841422e,371506aab474a021b763ef5589b20379a5ef56b03c4dcaf322cec220eb06a2d5,.context/safeparse-optimization/final-comparison/scaling/results.json
final-comparison,scaling,ack-json-schema,nested-100-valid,validate,60.9908447265625,56.953166015625,1.0871705018347564,0.9285770969796282,1.104612365939801,3,4,c3f1e13ba7c00050a94d569d3613c7d722d126208e8dd6d0497e041d6841422e,371506aab474a021b763ef5589b20379a5ef56b03c4dcaf322cec220eb06a2d5,.context/safeparse-optimization/final-comparison/scaling/results.json
final-comparison,scaling,ack-json-schema,nested-100-valid/decode+validate,decode+validate,87.36503125,86.233927734375,1.0104306945771402,0.9907146559689888,1.0556938277388632,2,4,c3f1e13ba7c00050a94d569d3613c7d722d126208e8dd6d0497e041d6841422e,371506aab474a021b763ef5589b20379a5ef56b03c4dcaf322cec220eb06a2d5,.context/safeparse-optimization/final-comparison/scaling/results.json
final-comparison,scaling,ack-json-schema,nested-1000-invalid-first,validate,201.782390625,210.217935546875,0.9693560087218971,0.7941639712804373,0.9857760258014063,0,4,c3f1e13ba7c00050a94d569d3613c7d722d126208e8dd6d0497e041d6841422e,371506aab474a021b763ef5589b20379a5ef56b03c4dcaf322cec220eb06a2d5,.context/safeparse-optimization/final-comparison/scaling/results.json
final-comparison,scaling,ack-json-schema,nested-1000-invalid-last,validate,589.7166328125,561.5506171875,1.0344641258102643,0.9821952234105825,1.1108827557328083,3,4,c3f1e13ba7c00050a94d569d3613c7d722d126208e8dd6d0497e041d6841422e,371506aab474a021b763ef5589b20379a5ef56b03c4dcaf322cec220eb06a2d5,.context/safeparse-optimization/final-comparison/scaling/results.json
final-comparison,scaling,ack-json-schema,nested-1000-invalid-many,validate,200.964923828125,207.015869140625,0.9708001251095977,0.7373764498808012,1.0105741767560634,1,4,c3f1e13ba7c00050a94d569d3613c7d722d126208e8dd6d0497e041d6841422e,371506aab474a021b763ef5589b20379a5ef56b03c4dcaf322cec220eb06a2d5,.context/safeparse-optimization/final-comparison/scaling/results.json
final-comparison,scaling,ack-json-schema,nested-1000-valid,validate,602.42871484375,560.83170703125,1.0820082831924942,0.9620289387806459,1.1056698714577242,3,4,c3f1e13ba7c00050a94d569d3613c7d722d126208e8dd6d0497e041d6841422e,371506aab474a021b763ef5589b20379a5ef56b03c4dcaf322cec220eb06a2d5,.context/safeparse-optimization/final-comparison/scaling/results.json
final-comparison,scaling,ack-json-schema,nested-1000-valid/decode+validate,decode+validate,870.3860703125,828.203453125,1.0327381115886558,1.019608363411914,1.0930514292160818,4,4,c3f1e13ba7c00050a94d569d3613c7d722d126208e8dd6d0497e041d6841422e,371506aab474a021b763ef5589b20379a5ef56b03c4dcaf322cec220eb06a2d5,.context/safeparse-optimization/final-comparison/scaling/results.json
final-comparison,scaling,ack-json-schema,nested-10000-invalid-first,validate,2084.985015625,2154.869140625,0.9675745484138178,0.7509234111003045,1.0427822716361712,1,4,c3f1e13ba7c00050a94d569d3613c7d722d126208e8dd6d0497e041d6841422e,371506aab474a021b763ef5589b20379a5ef56b03c4dcaf322cec220eb06a2d5,.context/safeparse-optimization/final-comparison/scaling/results.json
final-comparison,scaling,ack-json-schema,nested-10000-invalid-last,validate,6039.7135625,5762.546875,1.0393399109395758,1.0234714754530898,1.1424496854956805,4,4,c3f1e13ba7c00050a94d569d3613c7d722d126208e8dd6d0497e041d6841422e,371506aab474a021b763ef5589b20379a5ef56b03c4dcaf322cec220eb06a2d5,.context/safeparse-optimization/final-comparison/scaling/results.json
final-comparison,scaling,ack-json-schema,nested-10000-invalid-many,validate,2033.262375,2096.310546875,0.9457740640700658,0.7463520687780576,1.0021662271430742,2,4,c3f1e13ba7c00050a94d569d3613c7d722d126208e8dd6d0497e041d6841422e,371506aab474a021b763ef5589b20379a5ef56b03c4dcaf322cec220eb06a2d5,.context/safeparse-optimization/final-comparison/scaling/results.json
final-comparison,scaling,ack-json-schema,nested-10000-valid,validate,6430.372375,6021.60675,1.0387014135177195,0.9889795579416769,1.1529684882927715,3,4,c3f1e13ba7c00050a94d569d3613c7d722d126208e8dd6d0497e041d6841422e,371506aab474a021b763ef5589b20379a5ef56b03c4dcaf322cec220eb06a2d5,.context/safeparse-optimization/final-comparison/scaling/results.json
final-comparison,scaling,ack-json-schema,nested-10000-valid/decode+validate,decode+validate,10045.3125,9572.0365,1.0339945507486106,0.9371557828377739,1.0537755363594656,3,4,c3f1e13ba7c00050a94d569d3613c7d722d126208e8dd6d0497e041d6841422e,371506aab474a021b763ef5589b20379a5ef56b03c4dcaf322cec220eb06a2d5,.context/safeparse-optimization/final-comparison/scaling/results.json
final-native-confirmation,common,ack,flat-invalid-many,validate,1.8150043487548828,1.8166898193359375,1.0179280928534122,0.9705649846940729,1.043012742807076,5,8,c3f1e13ba7c00050a94d569d3613c7d722d126208e8dd6d0497e041d6841422e,371506aab474a021b763ef5589b20379a5ef56b03c4dcaf322cec220eb06a2d5,.context/safeparse-optimization/final-native-confirmation/common/results.json
final-native-confirmation,common,ack,flat-mixed,validate,1.5049082489013672,1.4771779403686522,1.0228506433054902,0.9928309507218399,1.0420595340621719,7,8,c3f1e13ba7c00050a94d569d3613c7d722d126208e8dd6d0497e041d6841422e,371506aab474a021b763ef5589b20379a5ef56b03c4dcaf322cec220eb06a2d5,.context/safeparse-optimization/final-native-confirmation/common/results.json
final-native-confirmation,common,ack,flat-valid,validate,1.335549041748047,1.345747947692871,1.0061351345093406,0.8873627433998024,1.041799803183453,5,8,c3f1e13ba7c00050a94d569d3613c7d722d126208e8dd6d0497e041d6841422e,371506aab474a021b763ef5589b20379a5ef56b03c4dcaf322cec220eb06a2d5,.context/safeparse-optimization/final-native-confirmation/common/results.json
final-native-confirmation,common,ack,flat-valid/construct+validate,construct+validate,3.914288848876953,3.9452527465820313,0.9949876245527955,0.9489803107920096,1.0225681439510172,3,8,c3f1e13ba7c00050a94d569d3613c7d722d126208e8dd6d0497e041d6841422e,371506aab474a021b763ef5589b20379a5ef56b03c4dcaf322cec220eb06a2d5,.context/safeparse-optimization/final-native-confirmation/common/results.json
final-native-confirmation,common,ack,nested-500-valid,validate,331.33951953125,322.5826015625,1.0227193491073616,0.9941288163890781,1.0410027456027455,7,8,c3f1e13ba7c00050a94d569d3613c7d722d126208e8dd6d0497e041d6841422e,371506aab474a021b763ef5589b20379a5ef56b03c4dcaf322cec220eb06a2d5,.context/safeparse-optimization/final-native-confirmation/common/results.json
final-native-confirmation,common,ack,string-invalid-type,validate,0.14108355903625489,0.14038459491729735,1.0029875338525076,0.9524159368415257,1.0441298789789173,4,8,c3f1e13ba7c00050a94d569d3613c7d722d126208e8dd6d0497e041d6841422e,371506aab474a021b763ef5589b20379a5ef56b03c4dcaf322cec220eb06a2d5,.context/safeparse-optimization/final-native-confirmation/common/results.json
